country,alpha_2_code_x,alpha_3_code_x,numeric_code_x,indicator,time_period,obs_value,sex,unit_multiplier,unit_of_measure,observation_status,observation_confidentaility,time_period_activity_related_to_when_the_data_are_collected,current_age,alpha_2_code_y,alpha_3_code_y,numeric_code_y,year,"Population, total",GDP per capita (constant 2015 US$),GNI (current US$),"Inflation, consumer prices (annual %)","Life expectancy at birth, total (years)",Military expenditure (% of GDP),Fossil fuel energy consumption (% of total),GDP growth (annual %),"Birth rate, crude (per 1,000 people)","Hospital beds (per 1,000 people)"
Afghanistan,AF,AFG,4,Proportion of health care facilities with basic cleaning services,2016,84,Total,,%,,,,Total,AF,AFG,4,2016,34700612,563.8723367,18350475875,4.383891955,63.136,0.956772141,,2.260314203,37.936,0.45
Afghanistan,AF,AFG,4,Proportion of health care facilities with basic cleaning services,2017,84,Total,,%,,,,Total,AF,AFG,4,2017,35688935,562.7695741,18961769787,4.975951506,63.016,0.9452268,,2.647003203,37.342,0.42
Afghanistan,AF,AFG,4,Proportion of health care facilities with basic cleaning services,2018,84,Total,,%,,,,Total,AF,AFG,4,2018,36743039,553.1251517,18294513958,0.626149149,63.081,1.006745856,,1.189228129,36.927,0.4
Afghanistan,AF,AFG,4,Proportion of health care facilities with basic cleaning services,2019,84,Total,,%,,,,Total,AF,AFG,4,2019,37856121,557.8615332,19080662011,2.302372515,63.565,1.170968382,,3.911603416,36.466,0.38
Afghanistan,AF,AFG,4,Proportion of health care facilities with basic cleaning services,2020,84,Total,,%,,,,Total,AF,AFG,4,2020,39068979,527.8345545,20105156769,,62.575,1.358856927,,-2.351100672,36.051,0.34
Afghanistan,AF,AFG,4,Proportion of health care facilities with basic cleaning services,2021,84,Total,,%,,,,Total,AF,AFG,4,2021,40000412,408.6258552,14346089108,,61.982,1.827933856,,-20.73883937,35.842,0.36
Afghanistan,AF,AFG,4,Proportion of health care facilities with basic cleaning services,2022,84,Total,,%,,,,Total,AF,AFG,4,2022,40578842,377.6656271,14540297386,,62.879,,,-6.240171992,35.143,
Afghanistan,AF,AFG,4,Proportion of health care facilities with basic cleaning services,2023,84,Total,,%,,,,Total,AF,AFG,4,2023,41454761,379.7074973,17315384703,,,,,2.710886791,,
Bhutan,BT,BTN,64,Proportion of health care facilities with basic cleaning services,2015,5.430000000000001,Total,,%,,,,Total,BT,BTN,64,2015,740618,2954.04082,2045040204,4.548143951,70.343,,,6.66080134,17.152,1.72
Bhutan,BT,BTN,64,Proportion of health care facilities with basic cleaning services,2016,5.430000000000001,Total,,%,,,,Total,BT,BTN,64,2016,747866,3173.367732,2172018217,3.219886894,70.602,,,8.475943355,16.076,1.7
Bhutan,BT,BTN,64,Proportion of health care facilities with basic cleaning services,2017,5.430000000000001,Total,,%,,,,Total,BT,BTN,64,2017,754335,3211.809033,2378534602,4.95508367,70.847,,,2.086845258,14.912,1.69
Bhutan,BT,BTN,64,Proportion of health care facilities with basic cleaning services,2018,5.430000000000001,Total,,%,,,,Total,BT,BTN,64,2018,759759,3300.550065,2363147138,2.723963862,71.129,,,3.501871837,13.789,1.72
Bhutan,BT,BTN,64,Proportion of health care facilities with basic cleaning services,2019,5.430000000000001,Total,,%,,,,Total,BT,BTN,64,2019,764824,3467.385989,2506135795,2.726430374,71.391,,,5.755148506,12.871,2.08
Bhutan,BT,BTN,64,Proportion of health care facilities with basic cleaning services,2020,5.430000000000001,Total,,%,,,,Total,BT,BTN,64,2020,770006,3092.124284,2314749743,5.629365226,71.609,,,-10.21839741,12.65,2.12
Bhutan,BT,BTN,64,Proportion of health care facilities with basic cleaning services,2021,5.430000000000001,Total,,%,,,,Total,BT,BTN,64,2021,775442,3206.203671,2612193375,7.346814405,71.815,,,4.421367402,12.482,2.2
Bhutan,BT,BTN,64,Proportion of health care facilities with basic cleaning services,2022,5.430000000000001,Total,,%,,,,Total,BT,BTN,64,2022,780914,3349.733096,2747666951,5.639166714,72.229,,,5.213867811,12.332,
Bhutan,BT,BTN,64,Proportion of health care facilities with basic cleaning services,2023,5.430000000000001,Total,,%,,,,Total,BT,BTN,64,2023,786385,,,4.229344199,,,,,,
Cambodia,KH,KHM,116,Proportion of health care facilities with basic cleaning services,2020,1.6556,Total,,%,,,,Total,KH,KHM,116,2020,16725474,1908.634275,33712316727,2.940295143,70.416,2.395559548,,-3.555721934,19.849,
Cambodia,KH,KHM,116,Proportion of health care facilities with basic cleaning services,2021,1.6556,Total,,%,,,,Total,KH,KHM,116,2021,16974305,1938.764367,35300301362,2.920734776,69.584,2.321957136,,3.089842841,19.334,
Cambodia,KH,KHM,116,Proportion of health care facilities with basic cleaning services,2022,1.6556,Total,,%,,,,Total,KH,KHM,116,2022,17201724,2010.766737,38444130462,5.343702649,69.896,2.090061602,,5.103368887,18.969,
Cambodia,KH,KHM,116,Proportion of health care facilities with basic cleaning services,2023,1.6556,Total,,%,,,,Total,KH,KHM,116,2023,17423880,2083.593018,41383539143,2.127467966,,2.089682806,,4.960066589,,
Central African Republic,CF,CAF,140,Proportion of health care facilities with basic cleaning services,2019,13,Total,,%,,,,Total,CF,CAF,140,2019,4944703,401.8258216,2386023469,2.685373553,55.025,1.79005409,,3.1,41.92,
Central African Republic,CF,CAF,140,Proportion of health care facilities with basic cleaning services,2020,13,Total,,%,,,,Total,CF,CAF,140,2020,5026628,398.8342741,2456787984,1.710156595,54.604,1.859142002,,0.899999997,42.175,
Central African Republic,CF,CAF,140,Proportion of health care facilities with basic cleaning services,2021,13,Total,,%,,,,Total,CF,CAF,140,2021,5112100,396.0206229,2688202219,4.259364175,53.895,2.150302015,,0.982919996,42.68,
Central African Republic,CF,CAF,140,Proportion of health care facilities with basic cleaning services,2022,13,Total,,%,,,,Total,CF,CAF,140,2022,5098039,399.1068386,2509339924,5.583167352,54.477,1.708687201,,0.502110003,42.344,
Central African Republic,CF,CAF,140,Proportion of health care facilities with basic cleaning services,2023,13,Total,,%,,,,Total,CF,CAF,140,2023,5152421,398.33098,2706537362,2.979138526,,2.285433,,0.870251451,,
Croatia,HR,HRV,191,Proportion of health care facilities with basic cleaning services,2018,71.42857142857143,Total,,%,,,,Total,HR,HRV,191,2018,3988775,14060.71895,61012800387,1.50012501,78.07073171,1.546967515,,2.904681493,9,5.52
Croatia,HR,HRV,191,Proportion of health care facilities with basic cleaning services,2019,71.42857142857143,Total,,%,,,,Total,HR,HRV,191,2019,3949390,14641.22988,61266599944,0.771820346,78.42439024,1.603503586,,3.100439114,8.9,5.58
Croatia,HR,HRV,191,Proportion of health care facilities with basic cleaning services,2020,71.42857142857143,Total,,%,,,,Total,HR,HRV,191,2020,3914206,13544.97151,58907901172,0.154811375,77.72439024,1.702561337,,-8.311642579,8.9,5.6
Croatia,HR,HRV,191,Proportion of health care facilities with basic cleaning services,2021,71.42857142857143,Total,,%,,,,Total,HR,HRV,191,2021,3878981,15394.47073,68667460258,2.554506996,76.42439024,1.969444083,,12.63170033,9.4,
Croatia,HR,HRV,191,Proportion of health care facilities with basic cleaning services,2022,71.42857142857143,Total,,%,,,,Total,HR,HRV,191,2022,3855641,16616.39154,70919879052,10.78058068,77.57560976,1.79282877,,7.287936432,8.8,
Croatia,HR,HRV,191,Proportion of health care facilities with basic cleaning services,2023,71.42857142857143,Total,,%,,,,Total,HR,HRV,191,2023,3859686,17147.16602,84099779090,7.941281776,,1.779892199,,3.302544881,,
Georgia,GE,GEO,268,Proportion of health care facilities with basic cleaning services,2017,38.75,Total,,%,,,,Total,GE,GEO,268,2017,3728004,4442.507441,15681941286,6.035317253,73.57,1.969742969,,5.159902617,14.856,4
Georgia,GE,GEO,268,Proportion of health care facilities with basic cleaning services,2018,38.75,Total,,%,,,,Total,GE,GEO,268,2018,3726549,4713.653548453031,17228317459,2.615244714,73.341,1.897113157,,6.062036413,14.395,4.24
Georgia,GE,GEO,268,Proportion of health care facilities with basic cleaning services,2019,38.75,Total,,%,,,,Total,GE,GEO,268,2019,3720161,4975.811482,16841958712,4.852898217,73.47,1.776554016,,5.380719266,13.451,4.64
Georgia,GE,GEO,268,Proportion of health care facilities with basic cleaning services,2020,38.75,Total,,%,,,,Total,GE,GEO,268,2020,3722716,4659.609253,15254265042,5.20246489,72.765,1.805477831,,-6.290471785,12.966,4.94
Georgia,GE,GEO,268,Proportion of health care facilities with basic cleaning services,2021,38.75,Total,,%,,,,Total,GE,GEO,268,2021,3708610,5175.198652,17678574249,9.566914338,71.694,1.61153573,,10.64423366,13.412,
Georgia,GE,GEO,268,Proportion of health care facilities with basic cleaning services,2022,38.75,Total,,%,,,,Total,GE,GEO,268,2022,3712502,5736.304496,23246873363,11.89816542,71.587,1.465733101,,10.95853214,13.099,
Georgia,GE,GEO,268,Proportion of health care facilities with basic cleaning services,2023,38.75,Total,,%,,,,Total,GE,GEO,268,2023,3715483,6180.620599,28388158127,2.487760566,,1.681143766,,7.832201215,,
Guinea-Bissau,GW,GNB,624,Proportion of health care facilities with basic cleaning services,2018,2.566285714285186,Total,,%,,,,Total,GW,GNB,624,2018,1922168,686.4568198,1502990771,0.381324703,60.502,1.364733712,,3.761453596,32.657,
Guinea-Bissau,GW,GNB,624,Proportion of health care facilities with basic cleaning services,2019,4.1916,Total,,%,,,,Total,GW,GNB,624,2019,1967696,707.7936738,1615032332,0.246600268,60.882,1.532115129,,5.55045565,32.093,
Guinea-Bissau,GW,GNB,624,Proportion of health care facilities with basic cleaning services,2020,4.1916,Total,,%,,,,Total,GW,GNB,624,2020,2013255,702.1205999,1671667501,1.140009394,59.999,1.625377639,,1.495274437,31.605,
Guinea-Bissau,GW,GNB,624,Proportion of health care facilities with basic cleaning services,2021,4.1916,Total,,%,,,,Total,GW,GNB,624,2021,2058841,729.0232219,1870779714,2.242488796,59.652,1.687431486,,6.182676683,31.087,
Guinea-Bissau,GW,GNB,624,Proportion of health care facilities with basic cleaning services,2022,4.1916,Total,,%,,,,Total,GW,GNB,624,2022,2105529,745.6908951,1804947439,9.393838775,59.861,1.621905784,,4.605831807,30.611,
Guinea-Bissau,GW,GNB,624,Proportion of health care facilities with basic cleaning services,2023,4.1916,Total,,%,,,,Total,GW,GNB,624,2023,2153339,767.0441831,2045279197,,,1.455452772,,5.199268297,,
Honduras,HN,HND,340,Proportion of health care facilities with basic cleaning services,2013,42.5,Total,,%,,,,Total,HN,HND,340,2013,8889278,2205.401267,17196025367,5.161898986,71.963,1.379536909,51.35134251,2.791559757,23.569,0.63
Honduras,HN,HND,340,Proportion of health care facilities with basic cleaning services,2014,42.5,Total,,%,,,,Total,HN,HND,340,2014,9063122,2229.247722,18168820190,6.129249303,72.259,1.192715977,52.47931253,3.058080562,23.123,0.61
Honduras,HN,HND,340,Proportion of health care facilities with basic cleaning services,2015,42.5,Total,,%,,,,Total,HN,HND,340,2015,9237305,2271.20266,19549522845,3.15783118,72.487,1.351722352,,3.840079971,22.751,0.6
Honduras,HN,HND,340,Proportion of health care facilities with basic cleaning services,2016,42.5,Total,,%,,,,Total,HN,HND,340,2016,9412380,2315.729831,20198525791,2.724612233,72.588,1.531551641,,3.892972197,22.44,0.63
Honduras,HN,HND,340,Proportion of health care facilities with basic cleaning services,2017,42.5,Total,,%,,,,Total,HN,HND,340,2017,9588137,2383.373984,21719792887,3.934360844,72.692,1.58983296,,4.842913911,22.16,0.64
Honduras,HN,HND,340,Proportion of health care facilities with basic cleaning services,2018,42.5,Total,,%,,,,Total,HN,HND,340,2018,9765210,2430.135037,22173255705,4.347349378,72.814,1.48969667,,3.84499477,21.895,0.64
Honduras,HN,HND,340,Proportion of health care facilities with basic cleaning services,2019,42.5,Total,,%,,,,Total,HN,HND,340,2019,9943633,2447.616493,22895236636,4.365871598,72.881,1.565120015,,2.559634346,21.628,0.65
Honduras,HN,HND,340,Proportion of health care facilities with basic cleaning services,2020,42.5,Total,,%,,,,Total,HN,HND,340,2020,10119640,2189.431687,21695036275,3.46841178,71.462,1.437530645,,-8.965082233,21.353,0.71
Honduras,HN,HND,340,Proportion of health care facilities with basic cleaning services,2021,42.5,Total,,%,,,,Total,HN,HND,340,2021,10289877,2423.766349,25771440694,4.480879634,70.123,1.480114551,,12.56528438,21.071,0.66
"Iran, Islamic Republic of",IR,IRN,364,Proportion of health care facilities with basic cleaning services,2017,61.9946,Total,,%,,,,Total,IR,IRN,364,2017,85026754,5381.1871,4.89768E+11,8.044924377,75.971,2.84433845,,2.758505246,18.608,1.91
"Iran, Islamic Republic of",IR,IRN,364,Proportion of health care facilities with basic cleaning services,2018,61.9946,Total,,%,,,,Total,IR,IRN,364,2018,86117998,5215.34607,4.0096E+11,18.01411834,76.195,2.243434496,,-1.838007571,17.231,1.95
"Iran, Islamic Republic of",IR,IRN,364,Proportion of health care facilities with basic cleaning services,2019,61.9946,Total,,%,,,,Total,IR,IRN,364,2019,87051648,5000.98599,3.33581E+11,39.90734557,76.103,2.110689062,,-3.070587985,15.118,1.86
"Iran, Islamic Republic of",IR,IRN,364,Proportion of health care facilities with basic cleaning services,2020,61.9946,Total,,%,,,,Total,IR,IRN,364,2020,87723443,5127.959757,2.61745E+11,30.59413904,74.832,2.167920054,,3.330288459,14.231,
"Iran, Islamic Republic of",IR,IRN,364,Proportion of health care facilities with basic cleaning services,2021,61.9946,Total,,%,,,,Total,IR,IRN,364,2021,88455488,5325.546805,3.83309E+11,43.38901627,73.875,2.216287589,,4.719777732,13.699,
"Iran, Islamic Republic of",IR,IRN,364,Proportion of health care facilities with basic cleaning services,2022,61.9946,Total,,%,,,,Total,IR,IRN,364,2022,89524246,5460.694571,3.93777E+11,43.48846417,74.556,2.111552074,,3.776631402,13.242,
"Iran, Islamic Republic of",IR,IRN,364,Proportion of health care facilities with basic cleaning services,2023,61.9946,Total,,%,,,,Total,IR,IRN,364,2023,90608707,5667.526478,4.04154E+11,44.57918576,,2.061403698,,5.044890511,,
Iraq,IQ,IRQ,368,Proportion of health care facilities with basic cleaning services,2015,42.39691338117349,Total,,%,,,,Total,IQ,IRQ,368,2015,37560535,4440.141893,1.65258E+11,1.393330288,69.44,5.41292532,,2.606766429,31.593,1.38
Iraq,IQ,IRQ,368,Proportion of health care facilities with basic cleaning services,2016,42.39691338117349,Total,,%,,,,Total,IQ,IRQ,368,2016,38469627,4932.927291,1.65182E+11,0.556521397,68.988,3.563305814,,13.78737302,30.17,1.3
Iraq,IQ,IRQ,368,Proportion of health care facilities with basic cleaning services,2017,24.6137,Total,,%,,,,Total,IQ,IRQ,368,2017,39337353,4736.327108,1.85777E+11,0.184058899,70.413,3.862344256,,-1.819750351,28.923,1.05
Iraq,IQ,IRQ,368,Proportion of health care facilities with basic cleaning services,2018,24.6137,Total,,%,,,,Total,IQ,IRQ,368,2018,40265624,4749.009218,2.25613E+11,0.367441489,71.514,2.788104308,,2.633850991,28.429,1.05
Iraq,IQ,IRQ,368,Proportion of health care facilities with basic cleaning services,2019,24.6137,Total,,%,,,,Total,IQ,IRQ,368,2019,41192171,4898.148977,2.3247E+11,-0.19896538,71.576,3.294591288,,5.513790575,28.078,1.2
Iraq,IQ,IRQ,368,Proportion of health care facilities with basic cleaning services,2020,24.6137,Total,,%,,,,Total,IQ,IRQ,368,2020,42116605,4213.998438,1.79092E+11,0.574162679,69.123,3.132321736,,-12.03679309,27.732,1.2
Iraq,IQ,IRQ,368,Proportion of health care facilities with basic cleaning services,2021,24.6137,Total,,%,,,,Total,IQ,IRQ,368,2021,43071211,4182.50064,2.07628E+11,6.041864891,70.378,2.309113575,,1.50218071,27.367,1.3
Iraq,IQ,IRQ,368,Proportion of health care facilities with basic cleaning services,2022,24.6137,Total,,%,,,,Total,IQ,IRQ,368,2022,44070551,4399.948027,2.85694E+11,4.994765964,71.336,1.805718934,,7.639811402,27.035,
Iraq,IQ,IRQ,368,Proportion of health care facilities with basic cleaning services,2023,24.6137,Total,,%,,,,Total,IQ,IRQ,368,2023,45074049,4175.703157,2.51816E+11,4.358353511,,2.073162775,,-2.93555774,,
Jordan,JO,JOR,400,Proportion of health care facilities with basic cleaning services,2019,30.4519,Total,,%,,,,Total,JO,JOR,400,2019,10671891,3919.064269,44510471127,0.761514047,76.044,4.566237503,,1.751240779,22.6,1.36
Jordan,JO,JOR,400,Proportion of health care facilities with basic cleaning services,2020,30.4519,Total,,%,,,,Total,JO,JOR,400,2020,10865228,3806.879494,43576298592,0.333294351,75.184,4.717575676,,-1.102751883,22.265,1.37
Jordan,JO,JOR,400,Proportion of health care facilities with basic cleaning services,2021,30.4519,Total,,%,,,,Total,JO,JOR,400,2021,11066356,3874.327078,46064410000,1.346093772,74.256,4.824773769,,3.65564191,21.95,1.38
Jordan,JO,JOR,400,Proportion of health care facilities with basic cleaning services,2022,30.4519,Total,,%,,,,Total,JO,JOR,400,2022,11256263,3909.802264,48259188732,4.229155689,74.215,4.896258774,,2.647436164,21.616,
Jordan,JO,JOR,400,Proportion of health care facilities with basic cleaning services,2023,30.4519,Total,,%,,,,Total,JO,JOR,400,2023,11439213,3950.312273,50463109155,2.084869863,,4.905378495,,2.678271538,,
Kenya,KE,KEN,404,Proportion of health care facilities with basic cleaning services,2014,7.739100000000001,Total,,%,,,,Total,KE,KEN,404,2014,46051440,1450.593382,60579831276,6.878154993,61.816,1.199433367,17.37957261,5.020111002,31.298,
Kenya,KE,KEN,404,Proportion of health care facilities with basic cleaning services,2015,7.739100000000001,Total,,%,,,,Total,KE,KEN,404,2015,47088526,1489.119598,63195136106,6.582154293,61.892,1.203169408,,4.967721128,30.957,
Kenya,KE,KEN,404,Proportion of health care facilities with basic cleaning services,2016,7.739100000000001,Total,,%,,,,Total,KE,KEN,404,2016,48139687,1517.977961,73804818195,6.297249538,62.163,1.247309801,,4.213517068,30.401,
Kenya,KE,KEN,404,Proportion of health care facilities with basic cleaning services,2017,7.739100000000001,Total,,%,,,,Total,KE,KEN,404,2017,49197766,1542.33774,80475458830,8.005649677,62.481,1.237594001,,3.837958174,29.755,
Kenya,KE,KEN,404,Proportion of health care facilities with basic cleaning services,2018,7.739100000000001,Total,,%,,,,Total,KE,KEN,404,2018,50207107,1596.690459,90812279975,4.689806468,62.676,1.207385368,,5.647946407,29.18,
Kenya,KE,KEN,404,Proportion of health care facilities with basic cleaning services,2019,7.739100000000001,Total,,%,,,,Total,KE,KEN,404,2019,51202827,1645.709618,98773632629,5.239637958,62.943,1.112571179,,5.114158858,28.46,1.33
Kenya,KE,KEN,404,Proportion of health care facilities with basic cleaning services,2020,7.739100000000001,Total,,%,,,,Total,KE,KEN,404,2020,52217334,1609.334141,99981709857,5.405162079,62.675,1.108434196,,-0.272766327,27.998,
Kenya,KE,KEN,404,Proportion of health care facilities with basic cleaning services,2021,7.739100000000001,Total,,%,,,,Total,KE,KEN,404,2021,53219166,1698.895783,1.08175E+11,6.107936037,61.427,1.077200252,,7.590489473,27.685,
Kenya,KE,KEN,404,Proportion of health care facilities with basic cleaning services,2022,7.739100000000001,Total,,%,,,,Total,KE,KEN,404,2022,54252461,1747.531988,1.12689E+11,7.659862683,62.055,1.0102052,,4.859981043,27.54,
Kuwait,KW,KWT,414,Proportion of health care facilities with basic cleaning services,2000,100,Total,,%,,,,Total,KW,KWT,414,2000,1954709,31341.97791,44417966305,1.812946139,76.722,7.150148657,100,4.694581871,21.617,2.36
Kuwait,KW,KWT,414,Proportion of health care facilities with basic cleaning services,2001,100,Total,,%,,,,Total,KW,KWT,414,2001,2008121,30573.42826,39790401784,1.3,76.891,7.700626085,99.99999499,0.213332576,21.649,2.36
Kuwait,KW,KWT,414,Proportion of health care facilities with basic cleaning services,2002,100,Total,,%,,,,Total,KW,KWT,414,2002,2059974,30702.21604,41478839409,0.888450148,76.982,7.39919407,,3.014283152,21.712,2.3
Kuwait,KW,KWT,414,Proportion of health care facilities with basic cleaning services,2003,100,Total,,%,,,,Total,KW,KWT,414,2003,2109881,35169.63339,51233507376,0.961350294,76.985,6.54392425,100,17.32602042,21.943,2.24
Kuwait,KW,KWT,414,Proportion of health care facilities with basic cleaning services,2004,100,Total,,%,,,,Total,KW,KWT,414,2004,2157320,37918.54038,65567356634,1.248564437,76.792,5.804460886,,10.24029806,22.109,2.2
Kuwait,KW,KWT,414,Proportion of health care facilities with basic cleaning services,2005,100,Total,,%,,,,Total,KW,KWT,414,2005,2236788,40451.25495,89654794521,4.142975836,76.903,4.343025942,,10.60904498,22.085,2.47
Kuwait,KW,KWT,414,Proportion of health care facilities with basic cleaning services,2006,100,Total,,%,,,,Total,KW,KWT,414,2006,2364733,41137.96971,1.14725E+11,3.057013392,76.887,3.542645786,100,7.5147730002402096,22.056,2.45
Kuwait,KW,KWT,414,Proportion of health care facilities with basic cleaning services,2007,100,Total,,%,,,,Total,KW,KWT,414,2007,2507887,41113.86917,1.2703E+11,5.484949833,77.017,3.590326759,100,5.991575511,21.929,2.43
Kuwait,KW,KWT,414,Proportion of health care facilities with basic cleaning services,2008,100,Total,,%,,,,Total,KW,KWT,414,2008,2651421,39852.5127,1.58123E+11,10.58270979,77.145,3.006072721,100,2.479756943,21.7,2.45
Kuwait,KW,KWT,414,Proportion of health care facilities with basic cleaning services,2009,100,Total,,%,,,,Total,KW,KWT,414,2009,2795484,35124.08521,1.12897E+11,4.609595484,77.442,3.971806323,99.99609681,-7.076056431,21.494,2.52
Kuwait,KW,KWT,414,Proportion of health care facilities with basic cleaning services,2010,100,Total,,%,,,,Total,KW,KWT,414,2010,2943372,32568.51498,1.24837E+11,4.496402878,77.982,3.756148142,,-2.370497135,21.203,2.5
Kuwait,KW,KWT,414,Proportion of health care facilities with basic cleaning services,2011,100,Total,,%,,,,Total,KW,KWT,414,2011,3132814,33545.34607,1.6307E+11,4.839403499,78.464,3.501397266,95.78056162,9.628576961,20.949,2.53
Kuwait,KW,KWT,414,Proportion of health care facilities with basic cleaning services,2012,100,Total,,%,,,,Total,KW,KWT,414,2012,3337109,33578.33082,1.83197E+11,3.255146003,78.812,3.41374158,92.57270197,6.625875037,20.036,2.35
Kuwait,KW,KWT,414,Proportion of health care facilities with basic cleaning services,2013,100,Total,,%,,,,Total,KW,KWT,414,2013,3507844,32311.17952,1.87423E+11,2.682296841,79.164,3.271531827,96.49017476,1.149464448,19.119,2.2
Kuwait,KW,KWT,414,Proportion of health care facilities with basic cleaning services,2014,100,Total,,%,,,,Total,KW,KWT,414,2014,3665876,31073.15348,1.78292E+11,2.908926729,79.445,3.585618421,93.68988945,0.500915351,18.234,2.19
Kuwait,KW,KWT,414,Proportion of health care facilities with basic cleaning services,2015,100,Total,,%,,,,Total,KW,KWT,414,2015,3834574,29882.21269,1.2728E+11,3.271701661,79.562,5.007469397,,0.592771759,16.892,2.13
Kuwait,KW,KWT,414,Proportion of health care facilities with basic cleaning services,2016,100,Total,,%,,,,Total,KW,KWT,414,2016,4004096,29454.44212,1.22185E+11,3.198397767,79.701,5.893519443,,2.926073901,14.8,2.05
Kuwait,KW,KWT,414,Proportion of health care facilities with basic cleaning services,2017,100,Total,,%,,,,Total,KW,KWT,414,2017,4154812,27048.37054,1.39464E+11,2.171832985,79.781,5.607445364,,-4.71222158,14.386,2.07
Kuwait,KW,KWT,414,Proportion of health care facilities with basic cleaning services,2018,100,Total,,%,,,,Total,KW,KWT,414,2018,4323515,26706.01903,1.56983E+11,0.543133148,79.722,5.190854737,,2.743330539,13.443,2.01
Kuwait,KW,KWT,414,Proportion of health care facilities with basic cleaning services,2019,100,Total,,%,,,,Total,KW,KWT,414,2019,4442316,26580.2263,1.6106E+11,1.091848027,79.685,5.421005984,,2.263816906,12.437,2
Kuwait,KW,KWT,414,Proportion of health care facilities with basic cleaning services,2020,100,Total,,%,,,,Total,KW,KWT,414,2020,4400267,25541.5075,1.27412E+11,2.101729548,76.92,6.567730005,,-4.817428606,11.797,2.35
Kuwait,KW,KWT,414,Proportion of health care facilities with basic cleaning services,2021,100,Total,,%,,,,Total,KW,KWT,414,2021,4360865,26354.94567,1.72594E+11,3.423629476,78.673,6.590302545,,2.260806098,10.41,
Kuwait,KW,KWT,414,Proportion of health care facilities with basic cleaning services,2022,100,Total,,%,,,,Total,KW,KWT,414,2022,4589643,26508.46047,2.09942E+11,3.98064962,80.264,4.727843723,,5.859208873,9.727,
Kuwait,KW,KWT,414,Proportion of health care facilities with basic cleaning services,2023,100,Total,,%,,,,Total,KW,KWT,414,2023,4853420,24155.18723,1.95985E+11,3.64216403,,4.895728613,,-3.640425903,,
Malawi,MW,MWI,454,Proportion of health care facilities with basic cleaning services,2013,19.7802,Total,,%,,,,Total,MW,MWI,454,2013,16161816,525.3576455,7872142936,27.28333333,59.729,0.809790017,,5.410349999,37.85,
Malawi,MW,MWI,454,Proportion of health care facilities with basic cleaning services,2014,19.7802,Total,,%,,,,Total,MW,MWI,454,2014,16621538,539.5626019,8640515835,23.79206495,60.899,0.58077192,,5.62527,36.791,
Malawi,MW,MWI,454,Proportion of health care facilities with basic cleaning services,2015,19.7802,Total,,%,,,,Total,MW,MWI,454,2015,17085587,539.6053632,8999698475,21.86734755,61.378,0.450825678,,2.800000001,35.767,
Malawi,MW,MWI,454,Proportion of health care facilities with basic cleaning services,2016,19.7802,Total,,%,,,,Total,MW,MWI,454,2016,17557739,538.2219908,7886787910,21.71111321,62.209,0.452047299,,2.499999999,34.824,
Malawi,MW,MWI,454,Proportion of health care facilities with basic cleaning services,2017,19.7802,Total,,%,,,,Total,MW,MWI,454,2017,18039715,544.7957292,8735399094,11.54339392,62.977,0.530100464,,4,34.343,
Malawi,MW,MWI,454,Proportion of health care facilities with basic cleaning services,2018,19.7802,Total,,%,,,,Total,MW,MWI,454,2018,18528081,553.5287909,9558096354,12.42017811,63.276,0.589501502,,4.353564716,33.925,
Malawi,MW,MWI,454,Proportion of health care facilities with basic cleaning services,2019,19.7802,Total,,%,,,,Total,MW,MWI,454,2019,19025752,569.8662494,10785451582,9.370836056,64.119,0.760781827,,5.716825192,33.598,
Malawi,MW,MWI,454,Proportion of health care facilities with basic cleaning services,2020,19.7802,Total,,%,,,,Total,MW,MWI,454,2020,19533888,559.4470861,11440171501,8.625514697,63.717,0.834281208,,0.79359643,33.233,
Malawi,MW,MWI,454,Proportion of health care facilities with basic cleaning services,2021,19.7802,Total,,%,,,,Total,MW,MWI,454,2021,20047258,569.9689673,12006215739,9.330144108,62.904,0.759131112,,4.55829212,32.859,
Malaysia,MY,MYS,458,Proportion of health care facilities with basic cleaning services,2000,100,Total,,%,,,,Total,MY,MYS,458,2000,22967816,6455.614198,86182105263,1.534740237,72.775,1.634675548,94.97309691,8.85886817,23.047,2.05
Malaysia,MY,MYS,458,Proportion of health care facilities with basic cleaning services,2001,100,Total,,%,,,,Total,MY,MYS,458,2001,23526538,6334.927957,86041052632,1.416784732,73.344,2.084922812,95.17806383,0.517675319,21.523,2.01
Malaysia,MY,MYS,458,Proportion of health care facilities with basic cleaning services,2002,100,Total,,%,,,,Total,MY,MYS,458,2002,24102477,6516.906716,94250526316,1.807872463,73.563,2.219131397,95.62841973,5.390988307,20.091,1.96
Malaysia,MY,MYS,458,Proportion of health care facilities with basic cleaning services,2003,100,Total,,%,,,,Total,MY,MYS,458,2003,24679602,6732.920495,1.04272E+11,1.089676326,73.796,2.614806731,95.99111004,5.788499286,19.339,1.92
Malaysia,MY,MYS,458,Proportion of health care facilities with basic cleaning services,2004,100,Total,,%,,,,Total,MY,MYS,458,2004,25256772,7025.34558,1.18328E+11,1.421271159,73.898,2.263061968,96.21646697,6.783437724,18.4,1.89
Malaysia,MY,MYS,458,Proportion of health care facilities with basic cleaning services,2005,100,Total,,%,,,,Total,MY,MYS,458,2005,25836071,7234.024427,1.37212E+11,2.975070927,74.096,2.173929041,96.82708398,5.332139161,17.722,1.87
Malaysia,MY,MYS,458,Proportion of health care facilities with basic cleaning services,2006,100,Total,,%,,,,Total,MY,MYS,458,2006,26417909,7469.810692,1.57978E+11,3.609235642,74.164,2.007597401,96.69407555,5.584847067,17.308,1.9
Malaysia,MY,MYS,458,Proportion of health care facilities with basic cleaning services,2007,100,Total,,%,,,,Total,MY,MYS,458,2007,26998389,7769.596934,1.89481E+11,2.027353178,74.211,1.958502533,96.94482833,6.298785927,17.077,1.9
Malaysia,MY,MYS,458,Proportion of health care facilities with basic cleaning services,2008,100,Total,,%,,,,Total,MY,MYS,458,2008,27570059,7976.117854,2.23907E+11,5.440782211,74.25,1.824843765,96.76022577,4.831769889,17.36,1.92
Malaysia,MY,MYS,458,Proportion of health care facilities with basic cleaning services,2009,100,Total,,%,,,,Total,MY,MYS,458,2009,28124778,7700.461113,1.98225E+11,0.583308406,74.227,1.871486944,96.66434839,-1.513528716,17.348,1.91
Malaysia,MY,MYS,458,Proportion of health care facilities with basic cleaning services,2010,100,Total,,%,,,,Total,MY,MYS,458,2010,28655776,8118.922705,2.46905E+11,1.622852356,74.442,1.490210106,96.89621303,7.424847383,17.002,1.91
Malaysia,MY,MYS,458,Proportion of health care facilities with basic cleaning services,2011,100,Total,,%,,,,Total,MY,MYS,458,2011,29162039,8400.322487,2.90893E+11,3.174470922,74.746,1.552853134,96.81165029,5.293912834,17.261,1.9
Malaysia,MY,MYS,458,Proportion of health care facilities with basic cleaning services,2012,100,Total,,%,,,,Total,MY,MYS,458,2012,29662831,8710.526714,3.02839E+11,1.663571025,74.944,1.413330707,96.74023319,5.473454193,17.209,1.9
Malaysia,MY,MYS,458,Proportion of health care facilities with basic cleaning services,2013,100,Total,,%,,,,Total,MY,MYS,458,2013,30174265,8964.807249,3.12494E+11,2.105012312,75.035,1.499295799,96.75188109,4.693722526,17.225,1.91
Malaysia,MY,MYS,458,Proportion of health care facilities with basic cleaning services,2014,100,Total,,%,,,,Total,MY,MYS,458,2014,30696137,9341.73056,3.26876E+11,3.142990509,75.146,1.455113016,96.6281989,6.006721946,17.313,1.86
Malaysia,MY,MYS,458,Proportion of health care facilities with basic cleaning services,2015,100,Total,,%,,,,Total,MY,MYS,458,2015,31232798,9648.679794,2.93133E+11,2.104389802,75.094,1.503898427,,5.091532422,17.101,1.87
Malaysia,MY,MYS,458,Proportion of health care facilities with basic cleaning services,2016,100,Total,,%,,,,Total,MY,MYS,458,2016,31789685,9901.479602,2.92917E+11,2.090566595,75.289,1.384334794,,4.449781398,16.685,1.89
Malaysia,MY,MYS,458,Proportion of health care facilities with basic cleaning services,2017,100,Total,,%,,,,Total,MY,MYS,458,2017,32355644,10293.76292,3.1012E+11,3.871201158,75.476,1.100334607,,5.81272241,16.355,1.91
Malaysia,MY,MYS,458,Proportion of health care facilities with basic cleaning services,2018,100,Total,,%,,,,Total,MY,MYS,458,2018,32910967,10610.19502,3.47616E+11,0.884709161,75.644,0.960104127,,4.843086976,15.978,1.93
Malaysia,MY,MYS,458,Proportion of health care facilities with basic cleaning services,2019,100,Total,,%,,,,Total,MY,MYS,458,2019,33440596,10902.98349,3.55643E+11,0.662891866,75.76,0.893413281,,4.413187421,15.58,1.94
Malaysia,MY,MYS,458,Proportion of health care facilities with basic cleaning services,2020,100,Total,,%,,,,Total,MY,MYS,458,2020,33889558,10171.46578,3.30671E+11,-1.138702154,75.938,0.99965392,,-5.456846584,15.417,1.97
Malaysia,MY,MYS,458,Proportion of health care facilities with basic cleaning services,2021,100,Total,,%,,,,Total,MY,MYS,458,2021,34282399,10388.26671,3.63611E+11,2.477102415,74.884,0.982646998,,3.315349544,15.24,2.01
Malaysia,MY,MYS,458,Proportion of health care facilities with basic cleaning services,2022,100,Total,,%,,,,Total,MY,MYS,458,2022,34695493,11174.21008,3.94667E+11,3.378698625,76.26,0.902025405,,8.861821876,15.016,
Malaysia,MY,MYS,458,Proportion of health care facilities with basic cleaning services,2023,100,Total,,%,,,,Total,MY,MYS,458,2023,35126298,11429.58941,3.88101E+11,2.488865601,,0.929671716,,3.555487154,,
Maldives,MV,MDV,462,Proportion of health care facilities with basic cleaning services,2014,17.6,Total,,%,,,,Total,MV,MDV,462,2014,413617,9602.502722,3342254340,2.120001757,79.424,,,7.801094807,18.044,
Maldives,MV,MDV,462,Proportion of health care facilities with basic cleaning services,2015,17.6,Total,,%,,,,Total,MV,MDV,462,2015,428154,9644.90655,3797041805,0.953206659,79.695,,,3.971715703,17.465,4.95
Maldives,MV,MDV,462,Proportion of health care facilities with basic cleaning services,2016,17.6,Total,,%,,,,Total,MV,MDV,462,2016,443308,9927.423275,4057032049,0.502509414,79.872,,,6.572236066,16.794,4.94
Maldives,MV,MDV,462,Proportion of health care facilities with basic cleaning services,2017,17.6,Total,,%,,,,Total,MV,MDV,462,2017,458287,10280.39154,4440841845,2.817473382,79.943,,,7.054539014,16.126,4.94
Maldives,MV,MDV,462,Proportion of health care facilities with basic cleaning services,2018,17.6,Total,,%,,,,Total,MV,MDV,462,2018,473099,10821.7342,4911943788,-0.133373386,80.013,,,8.668006242,15.531,4.95
Maldives,MV,MDV,462,Proportion of health care facilities with basic cleaning services,2019,17.6,Total,,%,,,,Total,MV,MDV,462,2019,487731,11263.19281,5166269608,0.220029731,80.116,,,7.298335745,15.001,6.36
Maldives,MV,MDV,462,Proportion of health care facilities with basic cleaning services,2020,17.6,Total,,%,,,,Total,MV,MDV,462,2020,502118,7340.091297,3406811512,-1.369774256,79.875,,,-32.90882878,14.576,5.04
Maldives,MV,MDV,462,Proportion of health care facilities with basic cleaning services,2021,17.6,Total,,%,,,,Total,MV,MDV,462,2021,516154,9818.734348,4717186261,0.543149689,79.918,,,37.50787012,14.088,
Maldives,MV,MDV,462,Proportion of health care facilities with basic cleaning services,2022,17.6,Total,,%,,,,Total,MV,MDV,462,2022,524106,11006.70918,5465634069,2.333143376,80.839,,,13.82608952,13.638,
Mali,ML,MLI,466,Proportion of health care facilities with basic cleaning services,2018,61,Total,,%,,,,Total,ML,MLI,466,2018,20442030,748.5069204,16560622892,0.299546507,59.393,2.823595537,,4.746484327,42.901,0.25
Mali,ML,MLI,466,Proportion of health care facilities with basic cleaning services,2019,61,Total,,%,,,,Total,ML,MLI,466,2019,21068405,760.7951874,16584807149,-1.658266948,59.664,2.752716581,,4.756160808,42.376,
Mali,ML,MLI,466,Proportion of health care facilities with basic cleaning services,2020,61,Total,,%,,,,Total,ML,MLI,466,2020,21713836,729.0611376,16726618026,0.43808894,58.633,3.399558214,,-1.235450447,41.995,
Mali,ML,MLI,466,Proportion of health care facilities with basic cleaning services,2021,61,Total,,%,,,,Total,ML,MLI,466,2021,22388630,728.6718526,18419319470,3.925602831,58.941,3.408679587,,3.052613569,41.643,
Mali,ML,MLI,466,Proportion of health care facilities with basic cleaning services,2022,61,Total,,%,,,,Total,ML,MLI,466,2022,23072640,731.6400242,17997835632,9.621476085,59.417,3.139660432,,3.474951711,41.217,
Mali,ML,MLI,466,Proportion of health care facilities with basic cleaning services,2023,61,Total,,%,,,,Total,ML,MLI,466,2023,23769127,743.2738714,19697353849,2.058802283,,3.827685468,,4.656775991,,
Malta,MT,MLT,470,Proportion of health care facilities with basic cleaning services,2000,100,Total,,%,,,,Total,MT,MLT,470,2000,390087,17178.28551,3927819318,2.369592875,78.34878049,0.625517349,,19.6812701,11.3,5.29
Malta,MT,MLT,470,Proportion of health care facilities with basic cleaning services,2001,100,Total,,%,,,,Total,MT,MLT,470,2001,393028,16920.73092,4134573148,2.929492443,78.84390244,0.666917449,,-0.756672627,10.1,7.4
Malta,MT,MLT,470,Proportion of health care facilities with basic cleaning services,2002,100,Total,,%,,,,Total,MT,MLT,470,2002,395969,17255.42737,4529633552,2.188490481,78.73902439,0.635846067,99.96740761,2.741120139,9.9,7.32
Malta,MT,MLT,470,Proportion of health care facilities with basic cleaning services,2003,100,Total,,%,,,,Total,MT,MLT,470,2003,398582,17775.58683,5446544533,1.303837774,78.54634146,0.630122909,99.96233326,3.69426131,10.2,7.28
Malta,MT,MLT,470,Proportion of health care facilities with basic cleaning services,2004,100,Total,,%,,,,Total,MT,MLT,470,2004,401268,17728.49152,6136392414,2.790828481,79.25365854,0.670530017,99.95104033,0.407159748,9.7,7.32
Malta,MT,MLT,470,Proportion of health care facilities with basic cleaning services,2005,100,Total,,%,,,,Total,MT,MLT,470,2005,403834,18123.29751,6116900725,3.007966525,79.3,0.819604968,99.94039645,2.880671273,9.6,7.33
Malta,MT,MLT,470,Proportion of health care facilities with basic cleaning services,2006,100,Total,,%,,,,Total,MT,MLT,470,2006,405308,18479.23052,6498823967,2.773780065,79.43902439,0.653051751,99.92246629,2.336122734,9.3,7.46
Malta,MT,MLT,470,Proportion of health care facilities with basic cleaning services,2007,100,Total,,%,,,,Total,MT,MLT,470,2007,406724,19342.39192,7704517675,1.249219238,79.79268293,0.617690722,99.91016083,5.036663951,9.3,7.75
Malta,MT,MLT,470,Proportion of health care facilities with basic cleaning services,2008,100,Total,,%,,,,Total,MT,MLT,470,2008,409379,20064.43981,8905966808,4.258621719,79.63658537,0.616369199,99.89146247,4.410126225,9.8,7.32
Malta,MT,MLT,470,Proportion of health care facilities with basic cleaning services,2009,100,Total,,%,,,,Total,MT,MLT,470,2009,412477,19635.87647,8148917035,2.084327461,80.24146341,0.679751022,99.88027152,-1.395342555,9.8,4.8
Malta,MT,MLT,470,Proportion of health care facilities with basic cleaning services,2010,100,Total,,%,,,,Total,MT,MLT,470,2010,414508,20750.60538,8562471290,1.515635136,81.39756098,0.650590926,99.67246958,6.197345169,9.4,4.48
Malta,MT,MLT,470,Proportion of health care facilities with basic cleaning services,2011,100,Total,,%,,,,Total,MT,MLT,470,2011,416268,20867.83906,9386251622,2.962985282,80.74634146,0.580640239,99.23845358,0.991963675,10,4.31
Malta,MT,MLT,470,Proportion of health care facilities with basic cleaning services,2012,100,Total,,%,,,,Total,MT,MLT,470,2012,420028,21529.49279,9144219500,2.375820578,80.74634146,0.527587899,99.03840897,4.102590303,9.8,4.6
Malta,MT,MLT,470,Proportion of health care facilities with basic cleaning services,2013,100,Total,,%,,,,Total,MT,MLT,470,2013,425967,22565.00858,9984792826,1.180284364,81.74634146,0.509947595,98.75759659,6.291715744,9.5,4.65
Malta,MT,MLT,470,Proportion of health care facilities with basic cleaning services,2014,100,Total,,%,,,,Total,MT,MLT,470,2014,434558,23806.83194,11000384403,0.310306472,82.04634146,0.48676155,97.78846166,7.631129375,9.6,4.47
Malta,MT,MLT,470,Proportion of health care facilities with basic cleaning services,2015,100,Total,,%,,,,Total,MT,MLT,470,2015,445053,25481.89776,10554342527,1.100548264,81.89756098,0.467203717,,9.621097562,9.7,4.47
Malta,MT,MLT,470,Proportion of health care facilities with basic cleaning services,2016,100,Total,,%,,,,Total,MT,MLT,470,2016,455356,25920.90766,10688627580,0.642702772,82.45365854,0.511888844,,4.077719295,9.8,4.55
Malta,MT,MLT,470,Proportion of health care facilities with basic cleaning services,2017,100,Total,,%,,,,Total,MT,MLT,470,2017,467999,28492.30728,13113525048,1.364354482,82.34634146,0.479625798,,12.97211934,9.2,4.38
Malta,MT,MLT,470,Proportion of health care facilities with basic cleaning services,2018,100,Total,,%,,,,Total,MT,MLT,470,2018,484630,29492.58639,14669786905,1.157823625,82.44878049,0.434325315,,7.189096537,9.2,4.25
Malta,MT,MLT,470,Proportion of health care facilities with basic cleaning services,2019,100,Total,,%,,,,Total,MT,MLT,470,2019,504062,29513.86705,14798835701,1.642060018,82.85853659,0.501868733,,4.084706028,8.6,4.11
Malta,MT,MLT,470,Proportion of health care facilities with basic cleaning services,2020,100,Total,,%,,,,Total,MT,MLT,470,2020,515332,27865.32932,14532952943,0.638544957,82.34878049,0.566881931,,-3.474687509,8.6,4.38
Malta,MT,MLT,470,Proportion of health care facilities with basic cleaning services,2021,100,Total,,%,,,,Total,MT,MLT,470,2021,518536,31420.73395,17295453184,1.497892179,82.50731707,0.486319433,,13.4603052,8.5,
Malta,MT,MLT,470,Proportion of health care facilities with basic cleaning services,2022,100,Total,,%,,,,Total,MT,MLT,470,2022,531511,31925.18535,16534181877,6.153756219,82.7,0.432529412,,4.147882816,8.1,
Malta,MT,MLT,470,Proportion of health care facilities with basic cleaning services,2023,100,Total,,%,,,,Total,MT,MLT,470,2023,552747,33000.59307,19351359464,5.09396759,,0.558644018,,7.498512459,,
"Micronesia, Federated States of",FM,FSM,583,Proportion of health care facilities with basic cleaning services,2017,36.3636,Total,,%,,,,Total,FM,FSM,583,2017,109481,2928.722779,408887900,0.582253735,71.467,,,0.823045267,21.451,
"Micronesia, Federated States of",FM,FSM,583,Proportion of health care facilities with basic cleaning services,2018,36.3636,Total,,%,,,,Total,FM,FSM,583,2018,109909,2917.31795,402265100,1.498400236,71.318,,,0,21.2,
"Micronesia, Federated States of",FM,FSM,583,Proportion of health care facilities with basic cleaning services,2019,36.3636,Total,,%,,,,Total,FM,FSM,583,2019,110282,3026.122351,442208700,1.923851708,71.077,,,4.081632653,21.059,
"Micronesia, Federated States of",FM,FSM,583,Proportion of health care facilities with basic cleaning services,2020,36.3636,Total,,%,,,,Total,FM,FSM,583,2020,110916,2949.828355,420832800,0.554594631,70.674,,,-1.960784314,20.837,
"Micronesia, Federated States of",FM,FSM,583,Proportion of health care facilities with basic cleaning services,2021,36.3636,Total,,%,,,,Total,FM,FSM,583,2021,111624,3013.18973,435690300,3.191284066,70.71,,,2.8,20.777,
"Micronesia, Federated States of",FM,FSM,583,Proportion of health care facilities with basic cleaning services,2022,36.3636,Total,,%,,,,Total,FM,FSM,583,2022,112114,2976.673966,478025600,5.408743755,70.925,,,-0.778210117,20.684,
"Micronesia, Federated States of",FM,FSM,583,Proportion of health care facilities with basic cleaning services,2023,36.3636,Total,,%,,,,Total,FM,FSM,583,2023,112630,2986.276217,504260500,,,,,0.784313725,,
Mongolia,MN,MNG,496,Proportion of health care facilities with basic cleaning services,2019,49.2163,Total,,%,,,,Total,MN,MNG,496,2019,3267673,4337.816709,12634360588,7.301069536,71.822,0.661538119,,5.602244221,23.292,7.94
Mongolia,MN,MNG,496,Proportion of health care facilities with basic cleaning services,2020,49.2163,Total,,%,,,,Total,MN,MNG,496,2020,3327204,4066.034109,12053017479,3.796040261,72.141,0.709909469,,-4.557751976,22.405,8.22
Mongolia,MN,MNG,496,Proportion of health care facilities with basic cleaning services,2021,49.2163,Total,,%,,,,Total,MN,MNG,496,2021,3383741,4063.536698,13054692171,7.352812434,70.975,0.619505073,,1.636769577,21.413,10.55
Mongolia,MN,MNG,496,Proportion of health care facilities with basic cleaning services,2022,49.2163,Total,,%,,,,Total,MN,MNG,496,2022,3433748,4205.885545,15067905990,15.14795609,72.667,0.513936273,,5.032709637,20.447,
Mongolia,MN,MNG,496,Proportion of health care facilities with basic cleaning services,2023,49.2163,Total,,%,,,,Total,MN,MNG,496,2023,3481145,4456.536276,18096012117,10.34758313,,0.601441993,,7.422112762,,
Morocco,MA,MAR,504,Proportion of health care facilities with basic cleaning services,2018,9.3913,Total,,%,,,,Total,MA,MAR,504,2018,35839760,3304.711914,1.25425E+11,1.803916711,73.986,2.902888716,,3.06564133,18.813,
Morocco,MA,MAR,504,Proportion of health care facilities with basic cleaning services,2019,9.3913,Total,,%,,,,Total,MA,MAR,504,2019,36210898,3364.739502,1.26979E+11,0.303386037,74.27,2.86579838,,2.890974761,18.337,0.7
Morocco,MA,MAR,504,Proportion of health care facilities with basic cleaning services,2020,9.3913,Total,,%,,,,Total,MA,MAR,504,2020,36584208,3090.894287,1.20194E+11,0.705968661,73.92,3.979697643,,-7.178207442,17.889,0.73
Morocco,MA,MAR,504,Proportion of health care facilities with basic cleaning services,2021,9.3913,Total,,%,,,,Total,MA,MAR,504,2021,36954442,3309.130859,1.40063E+11,1.40195884,74.042,3.755156987,,8.154738898,17.545,
Morocco,MA,MAR,504,Proportion of health care facilities with basic cleaning services,2022,9.3913,Total,,%,,,,Total,MA,MAR,504,2022,37329064,3325.560547,1.29038E+11,6.657042028,74.973,3.814559624,,1.52720358,17.161,
Morocco,MA,MAR,504,Proportion of health care facilities with basic cleaning services,2023,9.3913,Total,,%,,,,Total,MA,MAR,504,2023,37712505,3403.319824,1.42354E+11,6.091141525,,3.638685186,,3.403341301,,
Nepal,NP,NPL,524,Proportion of health care facilities with basic cleaning services,2017,3.6168,Total,,%,,,,Total,NP,NPL,524,2017,28011258,951.8572986,29263410262,3.627096107,68.91,1.557849235,,8.977279356,21.376,0.21
Nepal,NP,NPL,524,Proportion of health care facilities with basic cleaning services,2018,3.6168,Total,,%,,,,Total,NP,NPL,524,2018,28079689,1021.914922,33328197895,4.061163388,68.979,1.468328224,,7.622376104,21.026,0.25
Nepal,NP,NPL,524,Proportion of health care facilities with basic cleaning services,2019,3.6168,Total,,%,,,,Total,NP,NPL,524,2019,28414064,1077.117965,34539791627,5.568685478,69.558,1.337665483,,6.657055431,20.868,0.29
Nepal,NP,NPL,524,Proportion of health care facilities with basic cleaning services,2020,3.6168,Total,,%,,,,Total,NP,NPL,524,2020,28966574,1031.536188,33828751648,5.052366553,69.246,1.358534673,,-2.369620629,20.64,0.28
Nepal,NP,NPL,524,Proportion of health care facilities with basic cleaning services,2021,3.6168,Total,,%,,,,Total,NP,NPL,524,2021,29475010,1062.788843,37122384063,4.149680034,68.45,1.266801036,,4.838149614,20.402,0.39
Nepal,NP,NPL,524,Proportion of health care facilities with basic cleaning services,2022,3.6168,Total,,%,,,,Total,NP,NPL,524,2022,29715436,1113.554623,41421597989,7.650791768,70.484,1.11017534,,5.631314559,20.165,
Nepal,NP,NPL,524,Proportion of health care facilities with basic cleaning services,2023,3.6168,Total,,%,,,,Total,NP,NPL,524,2023,29694614,1136.09335,41385089423,7.114759517,,1.076685554,,1.952544633,,
Nicaragua,NI,NIC,558,Proportion of health care facilities with basic cleaning services,2017,26.9585,Total,,%,,,,Total,NI,NIC,558,2017,6316231,2209.654813,13074230328,3.850671663,73.554,0.626510067,,4.632533981,22.09,0.89
Nicaragua,NI,NIC,558,Proportion of health care facilities with basic cleaning services,2018,26.9585,Total,,%,,,,Total,NI,NIC,558,2018,6400080,2107.353465,12373034903,4.94723728,73.85,0.627172221,,-3.363687646,21.704,0.92
Nicaragua,NI,NIC,558,Proportion of health care facilities with basic cleaning services,2019,26.9585,Total,,%,,,,Total,NI,NIC,558,2019,6483657,2019.925163,12232628823,5.376289908,74.054,0.605020089,,-2.89702792,21.305,0.96
Nicaragua,NI,NIC,558,Proportion of health care facilities with basic cleaning services,2020,26.9585,Total,,%,,,,Total,NI,NIC,558,2020,6565267,1959.78831,11871469383,3.681813416,71.795,0.629971871,,-1.755952892,20.903,0.94
Nicaragua,NI,NIC,558,Proportion of health care facilities with basic cleaning services,2021,26.9585,Total,,%,,,,Total,NI,NIC,558,2021,6644741,2136.103854,13248461278,4.928413969,73.837,0.549759399,,10.31609128,20.507,0.9
Nicaragua,NI,NIC,558,Proportion of health care facilities with basic cleaning services,2022,26.9585,Total,,%,,,,Total,NI,NIC,558,2022,6730654,2187.967289,14530697776,10.46742445,74.615,0.537113968,,3.752284757,20.018,
Nicaragua,NI,NIC,558,Proportion of health care facilities with basic cleaning services,2023,26.9585,Total,,%,,,,Total,NI,NIC,558,2023,6823613,2256.771477,16935018482,8.387658549,,0.545988465,,4.569223171,,
Niger,NE,NER,562,Proportion of health care facilities with basic cleaning services,2013,4.761900000000001,Total,,%,,,,Total,NE,NER,562,2013,18519898,469.6902142,10626393166,2.29723115,60.239,1.045231183,26.73111821,5.315130634,47.123,0.32
Niger,NE,NER,562,Proportion of health care facilities with basic cleaning services,2014,4.761900000000001,Total,,%,,,,Total,NE,NER,562,2014,19215909,482.7452474,11351529662,-0.93028726,60.786,1.338598197,24.06036815,6.642136655,46.752,0.29
Niger,NE,NER,562,Proportion of health care facilities with basic cleaning services,2015,4.761900000000001,Total,,%,,,,Total,NE,NER,562,2015,19939498,485.6625742,10161942026,-0.57609037,61.083,,,4.392648832,46.558,0.26
Niger,NE,NER,562,Proportion of health care facilities with basic cleaning services,2016,4.761900000000001,Total,,%,,,,Total,NE,NER,562,2016,20685753,495.0174372,10734604835,1.653889224,61.629,1.599646243,,5.740893151,46.52,0.3
Niger,NE,NER,562,Proportion of health care facilities with basic cleaning services,2017,4.761900000000001,Total,,%,,,,Total,NE,NER,562,2017,21435446,501.6153055,11600276120,2.796373189,62.16,1.809842924,,5.005360786,46.351,0.18
Niger,NE,NER,562,Proportion of health care facilities with basic cleaning services,2018,4.761900000000001,Total,,%,,,,Total,NE,NER,562,2018,22188069,519.5469935,13405990161,2.96760366,62.454,1.793808817,,7.211418028,46.127,0.24
Niger,NE,NER,562,Proportion of health care facilities with basic cleaning services,2019,4.761900000000001,Total,,%,,,,Total,NE,NER,562,2019,22947757,532.1860246,13479237677,-2.489792651,62.897,1.917336007,,5.939852571,45.859,0.29
Niger,NE,NER,562,Proportion of health care facilities with basic cleaning services,2020,4.761900000000001,Total,,%,,,,Total,NE,NER,562,2020,23717613,533.1943289,13156291934,2.89819376,61.451,1.733607522,,3.550641094,45.588,0.27
Niger,NE,NER,562,Proportion of health care facilities with basic cleaning services,2021,4.761900000000001,Total,,%,,,,Total,NE,NER,562,2021,24502140,523.2631795,15188308377,3.837868028,61.576,1.35370282,,1.383596362,45.293,
"Macedonia, the former Yugoslav Republic of",MK,MKD,807,Proportion of health care facilities with basic cleaning services,2000,100,Total,,%,,,,Total,MK,MKD,807,2000,2026350,3283.379341,3702842458,6.60742291,72.94634146,1.85082146,87.31846763,4.549135783,14.5,5.03
"Macedonia, the former Yugoslav Republic of",MK,MKD,807,Proportion of health care facilities with basic cleaning services,2001,100,Total,,%,,,,Total,MK,MKD,807,2001,2034882,3169.325144,3682391721,5.198885257,73.43658537,6.100395628,89.80575158,-3.067256625,13.3,4.89
"Macedonia, the former Yugoslav Republic of",MK,MKD,807,Proportion of health care facilities with basic cleaning services,2002,100,Total,,%,,,,Total,MK,MKD,807,2002,2020157,3240.110645,3972614179,2.314597941,73.03902439,2.645597519,88.40655003,1.493665472,13.7,4.73
"Macedonia, the former Yugoslav Republic of",MK,MKD,807,Proportion of health care facilities with basic cleaning services,2003,100,Total,,%,,,,Total,MK,MKD,807,2003,2022725,3307.920408,4886356946,0.855562123,73.24146341,2.341701159,86.21784957,2.222601657,13.3,4.7
"Macedonia, the former Yugoslav Republic of",MK,MKD,807,Proportion of health care facilities with basic cleaning services,2004,100,Total,,%,,,,Total,MK,MKD,807,2004,2016186,3473.765448,5647495132,-0.448650207,73.59756098,2.380104071,85.01390723,4.67408958,11.5,4.67
"Macedonia, the former Yugoslav Republic of",MK,MKD,807,Proportion of health care facilities with basic cleaning services,2005,100,Total,,%,,,,Total,MK,MKD,807,2005,2005330,3657.563077,6149437259,0.525515951,73.69756098,2.029263306,84.62103432,4.724088642,11,4.6
"Macedonia, the former Yugoslav Republic of",MK,MKD,807,Proportion of health care facilities with basic cleaning services,2006,100,Total,,%,,,,Total,MK,MKD,807,2006,1994287,3866.746506,6833763579,3.213629296,73.89512195,1.836537687,83.88108279,5.137025162,11.1,4.54
"Macedonia, the former Yugoslav Republic of",MK,MKD,807,Proportion of health care facilities with basic cleaning services,2007,100,Total,,%,,,,Total,MK,MKD,807,2007,1982933,4140.633548,7947222259,2.251757983,73.8,1.950069695,85.06010882,6.473486858,11.1,4.48
"Macedonia, the former Yugoslav Republic of",MK,MKD,807,Proportion of health care facilities with basic cleaning services,2008,100,Total,,%,,,,Total,MK,MKD,807,2008,1971493,4392.550716,9789799366,8.33189667,74.4,1.742340869,83.78533711,5.47200139,11.2,4.46
"Macedonia, the former Yugoslav Republic of",MK,MKD,807,Proportion of health care facilities with basic cleaning services,2009,100,Total,,%,,,,Total,MK,MKD,807,2009,1958782,4405.200458,9334914967,-0.739633963,74.44634146,1.688164562,84.4008056,-0.358614857,11.5,4.39
"Macedonia, the former Yugoslav Republic of",MK,MKD,807,Proportion of health care facilities with basic cleaning services,2010,100,Total,,%,,,,Total,MK,MKD,807,2010,1946298,4582.365175,9276086270,1.50997522,74.99756098,1.382154611,81.11916478,3.358750858,11.8,4.51
"Macedonia, the former Yugoslav Republic of",MK,MKD,807,Proportion of health care facilities with basic cleaning services,2011,100,Total,,%,,,,Total,MK,MKD,807,2011,1937398,4711.130279,10307350188,3.904754221,75.1,1.2621871,82.10861197,2.339886045,11.1,4.42
"Macedonia, the former Yugoslav Republic of",MK,MKD,807,Proportion of health care facilities with basic cleaning services,2012,100,Total,,%,,,,Total,MK,MKD,807,2012,1929821,4708.051685,9534185814,3.316055667,74.90243902,1.225319662,82.13128882,-0.456183224,11.4,4.32
"Macedonia, the former Yugoslav Republic of",MK,MKD,807,Proportion of health care facilities with basic cleaning services,2013,100,Total,,%,,,,Total,MK,MKD,807,2013,1922716,4863.680887,10561387533,2.785000567,75.4,1.169437189,81.14316459,2.925257665,11.2,4.37
"Macedonia, the former Yugoslav Republic of",MK,MKD,807,Proportion of health care facilities with basic cleaning services,2014,100,Total,,%,,,,Total,MK,MKD,807,2014,1917557,5053.750012,11149662118,-0.281705033,75.45121951,1.0929608,79.42591466,3.629123513,11.4,4.32
"Macedonia, the former Yugoslav Republic of",MK,MKD,807,Proportion of health care facilities with basic cleaning services,2015,100,Total,,%,,,,Total,MK,MKD,807,2015,1912430,5262.686719,9747431783,-0.299920476,75.40243902,0.993427692,,3.85586514,11.1,4.31
"Macedonia, the former Yugoslav Republic of",MK,MKD,807,Proportion of health care facilities with basic cleaning services,2016,100,Total,,%,,,,Total,MK,MKD,807,2016,1906313,5429.946784,10247925156,-0.239290788,75.4,0.970115978,,2.848205194,11.09872665,4.29
"Macedonia, the former Yugoslav Republic of",MK,MKD,807,Proportion of health care facilities with basic cleaning services,2017,100,Total,,%,,,,Total,MK,MKD,807,2017,1898657,5510.818629,10859414347,1.351618897,75.95365854,0.895041407,,1.081772738,10.5,4.2
"Macedonia, the former Yugoslav Republic of",MK,MKD,807,Proportion of health care facilities with basic cleaning services,2018,100,Total,,%,,,,Total,MK,MKD,807,2018,1889051,5698.393345,12150990659,1.458312985,76.64878049,0.943108733,,2.88059671,10.3,4.14
"Macedonia, the former Yugoslav Republic of",MK,MKD,807,Proportion of health care facilities with basic cleaning services,2019,100,Total,,%,,,,Total,MK,MKD,807,2019,1876262,5961.584754,12024667115,0.766439573,76.60243902,1.159116286,,3.910419538,9.6,4.19
"Macedonia, the former Yugoslav Republic of",MK,MKD,807,Proportion of health care facilities with basic cleaning services,2020,100,Total,,%,,,,Total,MK,MKD,807,2020,1856124,5743.726494,11892343875,1.200073489,74.39512195,1.24058657,,-4.68845001,9.2,4.22
"Macedonia, the former Yugoslav Republic of",MK,MKD,807,Proportion of health care facilities with basic cleaning services,2021,100,Total,,%,,,,Total,MK,MKD,807,2021,1837114,6064.923151,13385879516,3.230749121,73.24634146,1.471932093,,4.51067949,10.2,
"Macedonia, the former Yugoslav Republic of",MK,MKD,807,Proportion of health care facilities with basic cleaning services,2022,100,Total,,%,,,,Total,MK,MKD,807,2022,1831712,6250.62721,13334444854,14.20471732,74.42487805,1.622927657,,2.758884153,9.9,
"Macedonia, the former Yugoslav Republic of",MK,MKD,807,Proportion of health care facilities with basic cleaning services,2023,100,Total,,%,,,,Total,MK,MKD,807,2023,1827816,6393.786476,14961106563,9.361872498,,1.698955456,,2.072749779,,
Oman,OM,OMN,512,Proportion of health care facilities with basic cleaning services,2017,89.7436,Total,,%,,,,Total,OM,OMN,512,2017,4537396,18277.94556,77933420026,1.589094136,77.924,8.413249952,,0.304057566,20.282,1.11
Oman,OM,OMN,512,Proportion of health care facilities with basic cleaning services,2018,89.7436,Total,,%,,,,Total,OM,OMN,512,2018,4597877,18269.67694,86577373212,0.889312371,77.966,8.267601442,,1.287103915,19.816,1.09
Oman,OM,OMN,512,Proportion of health care facilities with basic cleaning services,2019,89.7436,Total,,%,,,,Total,OM,OMN,512,2019,4591241,18089.58667,81936020806,0.490815363,78.002,7.439211908,,-1.128638017,19.298,1.1
Oman,OM,OMN,512,Proportion of health care facilities with basic cleaning services,2020,89.7436,Total,,%,,,,Total,OM,OMN,512,2020,4522497,17743.88588,70302210663,-0.406402919,74.757,8.030242505,,-3.379720527,18.791,1.16
Oman,OM,OMN,512,Proportion of health care facilities with basic cleaning services,2021,89.7436,Total,,%,,,,Total,OM,OMN,512,2021,4500424,18291.3388,81295188557,1.682211859,72.541,6.55798322,,2.582174989,18.419,
Oman,OM,OMN,512,Proportion of health care facilities with basic cleaning services,2022,89.7436,Total,,%,,,,Total,OM,OMN,512,2022,4730226,19069.39268,1.0262E+11,2.506142506,73.935,5.043802558,,9.577106131,17.706,
Oman,OM,OMN,512,Proportion of health care facilities with basic cleaning services,2023,89.7436,Total,,%,,,,Total,OM,OMN,512,2023,5049269,18098.57769,1.03594E+11,0.950782998,,5.404266351,,1.310440113,,
Pakistan,PK,PAK,586,Proportion of health care facilities with basic cleaning services,2017,34.4776,Total,,%,,,,Total,PK,PAK,586,2017,223273967,1495.261875,3.34192E+11,4.08537368,66.297,3.364449103,,4.432625907,28.963,0.52
Pakistan,PK,PAK,586,Proportion of health care facilities with basic cleaning services,2018,34.4776,Total,,%,,,,Total,PK,PAK,586,2018,226928892,1561.681698,3.50691E+11,5.078057259,66.482,3.586961764,,6.151702611,28.594,0.51
Pakistan,PK,PAK,586,Proportion of health care facilities with basic cleaning services,2019,34.4776,Total,,%,,,,Total,PK,PAK,586,2019,230800899,1573.833083,3.15299E+11,10.5783618,66.756,3.505840316,,2.497636929,28.276,0.51
Pakistan,PK,PAK,586,Proportion of health care facilities with basic cleaning services,2020,34.4776,Total,,%,,,,Total,PK,PAK,586,2020,235001746,1526.005975,2.94967E+11,9.739993139,66.269,3.48667909,,-1.274087443,27.967,
Pakistan,PK,PAK,586,Proportion of health care facilities with basic cleaning services,2021,34.4776,Total,,%,,,,Total,PK,PAK,586,2021,239477801,1595.027922,3.44117E+11,9.496210561,66.098,3.391711681,,6.513885759,27.519,
Pakistan,PK,PAK,586,Proportion of health care facilities with basic cleaning services,2022,34.4776,Total,,%,,,,Total,PK,PAK,586,2022,243700667,1642.28067,3.69642E+11,19.87385996,66.431,3.162974521,,4.778106869,27.233,
Pakistan,PK,PAK,586,Proportion of health care facilities with basic cleaning services,2023,34.4776,Total,,%,,,,Total,PK,PAK,586,2023,247504495,1616.399069,3.32147E+11,30.76812807,,2.801488102,,-0.039692523,,
Philippines,PH,PHL,608,Proportion of health care facilities with basic cleaning services,2019,83.209,Total,,%,,,,Total,PH,PHL,608,2019,110804683,3575.881709,4.14552E+11,2.392065344,71.865,1.131331325,,6.118525661,22.254,0.98
Philippines,PH,PHL,608,Proportion of health care facilities with basic cleaning services,2020,83.209,Total,,%,,,,Total,PH,PHL,608,2020,112081264,3198.6669,3.89166E+11,2.393162393,72.119,1.297240039,,-9.518294741,22.039,0.99
Philippines,PH,PHL,608,Proportion of health care facilities with basic cleaning services,2021,83.209,Total,,%,,,,Total,PH,PHL,608,2021,113100950,3350.975876,4.08104E+11,3.927180221,69.266,1.406822541,,5.714733134,21.813,0.96
Philippines,PH,PHL,608,Proportion of health care facilities with basic cleaning services,2022,83.209,Total,,%,,,,Total,PH,PHL,608,2022,113964338,3577.701366,4.28113E+11,5.821158112,72.187,1.316526153,,7.580982128,21.618,
Philippines,PH,PHL,608,Proportion of health care facilities with basic cleaning services,2023,83.209,Total,,%,,,,Total,PH,PHL,608,2023,114891199,3745.652329,4.85155E+11,5.978025155,,1.24949555,,5.545851171,,
Rwanda,RW,RWA,646,Proportion of health care facilities with basic cleaning services,2019,10.8319,Total,,%,,,,Total,RW,RWA,646,2019,12776103,874.6396055,10001278820,3.34787655,66.437,1.19793122,,9.447385186,30.776,0.72
Rwanda,RW,RWA,646,Proportion of health care facilities with basic cleaning services,2020,10.8319,Total,,%,,,,Total,RW,RWA,646,2020,13065837,826.3912572,9937664508,9.850399023,66.774,1.473869321,,-3.373687464,30.309,0.74
Rwanda,RW,RWA,646,Proportion of health care facilities with basic cleaning services,2021,10.8319,Total,,%,,,,Total,RW,RWA,646,2021,13355260,896.2672254,10843185965,-0.391346748,66.072,1.513975297,,10.85796776,29.976,
Rwanda,RW,RWA,646,Proportion of health care facilities with basic cleaning services,2022,10.8319,Total,,%,,,,Total,RW,RWA,646,2022,13651030,948.3791944,13036292514,17.68920956,67.129,1.333854622,,8.157733085,29.474,
Rwanda,RW,RWA,646,Proportion of health care facilities with basic cleaning services,2023,10.8319,Total,,%,,,,Total,RW,RWA,646,2023,13954471,1004.215711,13817608902,19.78954675,,1.266152434,,8.241287695,,
San Marino,SM,SMR,674,Proportion of health care facilities with basic cleaning services,2000,100,Total,,%,,,,Total,SM,SMR,674,2000,26799,55806.92197,,,,,,2.179379715,,
San Marino,SM,SMR,674,Proportion of health care facilities with basic cleaning services,2001,100,Total,,%,,,,Total,SM,SMR,674,2001,27143,58173.2936,,,,,,5.578342904,,
San Marino,SM,SMR,674,Proportion of health care facilities with basic cleaning services,2002,100,Total,,%,,,,Total,SM,SMR,674,2002,27491,57615.41006,,,,,,0.310800311,,
San Marino,SM,SMR,674,Proportion of health care facilities with basic cleaning services,2003,100,Total,,%,,,,Total,SM,SMR,674,2003,27843,59090.23311,,,,,,3.872966692,,
San Marino,SM,SMR,674,Proportion of health care facilities with basic cleaning services,2004,100,Total,,%,,,,Total,SM,SMR,674,2004,29457,58393.22367,,1.430838685,,,,4.548844146,10.4,
San Marino,SM,SMR,674,Proportion of health care facilities with basic cleaning services,2005,100,Total,,%,,,,Total,SM,SMR,674,2005,29836,59049.57745,,1.685488905,,,,2.42510699,9.5,
San Marino,SM,SMR,674,Proportion of health care facilities with basic cleaning services,2006,100,Total,,%,,,,Total,SM,SMR,674,2006,30184,60604.35089,,2.095259356,,,,3.830083565,10,
San Marino,SM,SMR,674,Proportion of health care facilities with basic cleaning services,2007,100,Total,,%,,,,Total,SM,SMR,674,2007,31211,62776.94616,,2.498945757,,,,7.109322602,9.4,
San Marino,SM,SMR,674,Proportion of health care facilities with basic cleaning services,2008,100,Total,,%,,,,Total,SM,SMR,674,2008,31662,61572.74357,,4.293202493,,,,-0.500939261,11,
San Marino,SM,SMR,674,Proportion of health care facilities with basic cleaning services,2009,100,Total,,%,,,,Total,SM,SMR,674,2009,33066,52873.26819,,2.19959237,,,,-10.32095658,10.7,
San Marino,SM,SMR,674,Proportion of health care facilities with basic cleaning services,2010,100,Total,,%,,,,Total,SM,SMR,674,2010,33270,49672.69778,,2.585418156,,,,-5.473684211,10.3,
San Marino,SM,SMR,674,Proportion of health care facilities with basic cleaning services,2011,100,Total,,%,,,,Total,SM,SMR,674,2011,32620,46450.02517,,2.899795843,,,,-8.314773571,10,3.48
San Marino,SM,SMR,674,Proportion of health care facilities with basic cleaning services,2012,100,Total,,%,,,,Total,SM,SMR,674,2012,33469,42082.55545,,2.827332242,,,,-7.044534413,8.7,3.41
San Marino,SM,SMR,674,Proportion of health care facilities with basic cleaning services,2013,100,Total,,%,,,,Total,SM,SMR,674,2013,33041,42293.48707,,1.604392981,,,,-0.783972125,9.7,3.39
San Marino,SM,SMR,674,Proportion of health care facilities with basic cleaning services,2014,100,Total,,%,,,,Total,SM,SMR,674,2014,32655,42492.85092,,1.112963034,,,,-0.7023705,9.1,3.38
San Marino,SM,SMR,674,Proportion of health care facilities with basic cleaning services,2015,100,Total,,%,,,,Total,SM,SMR,674,2015,32897,43146.82404,,0.145686073,,,,2.291505561,8.2,
San Marino,SM,SMR,674,Proportion of health care facilities with basic cleaning services,2016,100,Total,,%,,,,Total,SM,SMR,674,2016,33101,43886.21469,,0.57394802,,,,2.344405861,7.9,
San Marino,SM,SMR,674,Proportion of health care facilities with basic cleaning services,2017,100,Total,,%,,,,Total,SM,SMR,674,2017,33825,43057.77848,1415999666,1.045976835,,,,0.258265466,6.7,
San Marino,SM,SMR,674,Proportion of health care facilities with basic cleaning services,2018,100,Total,,%,,,,Total,SM,SMR,674,2018,34522,42818.69627,1507442963,,,,,1.493905318,6.8,
San Marino,SM,SMR,674,Proportion of health care facilities with basic cleaning services,2019,100,Total,,%,,,,Total,SM,SMR,674,2019,34663,43525.42257,1479667048,,,,,2.065685147,6.7,
San Marino,SM,SMR,674,Proportion of health care facilities with basic cleaning services,2020,100,Total,,%,,,,Total,SM,SMR,674,2020,34770,40506.85211,1394334873,,,,,-6.647910818,6.4,
San Marino,SM,SMR,674,Proportion of health care facilities with basic cleaning services,2021,100,Total,,%,,,,Total,SM,SMR,674,2021,34252,46834.13951,1672180214,,,,,13.89778951,6.2,
San Marino,SM,SMR,674,Proportion of health care facilities with basic cleaning services,2022,100,Total,,%,,,,Total,SM,SMR,674,2022,33755,51277.3461,1672839869,,,,,7.898441458,6.1,
San Marino,SM,SMR,674,Proportion of health care facilities with basic cleaning services,2023,100,Total,,%,,,,Total,SM,SMR,674,2023,33860,,,,,,,,,
Saudi Arabia,SA,SAU,682,Proportion of health care facilities with basic cleaning services,2000,100,Total,,%,,,,Total,SA,SAU,682,2000,16177722,21862.71608,1.89994E+11,-1.124994779,72.467,10.53440331,99.99541575,4.718179529,27.656,2.3
Saudi Arabia,SA,SAU,682,Proportion of health care facilities with basic cleaning services,2001,100,Total,,%,,,,Total,SA,SAU,682,2001,17041397,20826.20904,1.83618E+11,-1.120944775,72.974,11.41900489,99.99480235,0.344583363,26.852,
Saudi Arabia,SA,SAU,682,Proportion of health care facilities with basic cleaning services,2002,100,Total,,%,,,,Total,SA,SAU,682,2002,17910910,19678.75911,1.89395E+11,0.247186514,73.337,9.758063801,99.99530971,-0.688407963,25.896,2.08
Saudi Arabia,SA,SAU,682,Proportion of health care facilities with basic cleaning services,2003,100,Total,,%,,,,Total,SA,SAU,682,2003,18786767,20406.45076,2.14507E+11,0.612194395,73.628,8.687118465,99.99536305,8.768756519,24.794,2.12
Saudi Arabia,SA,SAU,682,Proportion of health care facilities with basic cleaning services,2004,100,Total,,%,,,,Total,SA,SAU,682,2004,19669480,21172.89926,2.5922E+11,0.515506767,74.153,8.081555659,99.99562196,8.630976889,23.8,2.16
Saudi Arabia,SA,SAU,682,Proportion of health care facilities with basic cleaning services,2005,100,Total,,%,,,,Total,SA,SAU,682,2005,20559890,21460.13521,3.28891E+11,0.479230398,74.588,7.730598875,99.99571843,5.944894035,23.058,2.18
Saudi Arabia,SA,SAU,682,Proportion of health care facilities with basic cleaning services,2006,100,Total,,%,,,,Total,SA,SAU,682,2006,21459144,21242.12658,3.80735E+11,2.209024079,74.81,7.848365211,99.99559706,3.313516937,23.114,2.11
Saudi Arabia,SA,SAU,682,Proportion of health care facilities with basic cleaning services,2007,100,Total,,%,,,,Total,SA,SAU,682,2007,22368313,20829.83898,4.22361E+11,4.167823301,75.046,8.527049978,99.99573835,2.213617148,23.242,2.03
Saudi Arabia,SA,SAU,682,Proportion of health care facilities with basic cleaning services,2008,100,Total,,%,,,,Total,SA,SAU,682,2008,23287877,21255.39663,5.28962E+11,9.870247913,75.274,7.353436468,99.99617989,6.238020047,22.749,1.96
Saudi Arabia,SA,SAU,682,Proportion of health care facilities with basic cleaning services,2009,100,Total,,%,,,,Total,SA,SAU,682,2009,24217654,20221.31962,4.37737E+11,5.057223147,75.431,9.617199992,99.99641029,-1.06671,22.307,1.96
Saudi Arabia,SA,SAU,682,Proportion of health care facilities with basic cleaning services,2010,100,Total,,%,,,,Total,SA,SAU,682,2010,23978487,21452.22797,5.42915E+11,5.339416806,75.763,8.565677294,99.99677609,5.039492843,21.894,1.98
Saudi Arabia,SA,SAU,682,Proportion of health care facilities with basic cleaning services,2011,100,Total,,%,,,,Total,SA,SAU,682,2011,25091867,22754.10581,6.92763E+11,5.826216088,76.234,7.172399149,99.20369244,10.99376168,21.634,1.95
Saudi Arabia,SA,SAU,682,Proportion of health care facilities with basic cleaning services,2012,100,Total,,%,,,,Total,SA,SAU,682,2012,26168861,22997.74622,7.61739E+11,2.866268875,76.461,7.615807602,99.51085197,5.408916078,21.245,1.98
Saudi Arabia,SA,SAU,682,Proportion of health care facilities with basic cleaning services,2013,100,Total,,%,,,,Total,SA,SAU,682,2013,27624004,22338.53388,7.75052E+11,3.532524707,76.626,8.890191412,99.5705625,2.534778271,20.754,2.05
Saudi Arabia,SA,SAU,682,Proportion of health care facilities with basic cleaning services,2014,100,Total,,%,,,,Total,SA,SAU,682,2014,28309273,22628.60185,7.89633E+11,2.236290315,76.757,10.53506046,99.92801862,3.811422791,20.161,2.12
Saudi Arabia,SA,SAU,682,Proportion of health care facilities with basic cleaning services,2015,100,Total,,%,,,,Total,SA,SAU,682,2015,29816382,22453.57155,6.90848E+11,1.206073222,76.918,13.02283819,,4.509059063,19.524,2.12
Saudi Arabia,SA,SAU,682,Proportion of health care facilities with basic cleaning services,2016,100,Total,,%,,,,Total,SA,SAU,682,2016,30954198,22035.80429,6.81353E+11,2.068840361,77.064,9.560482394,,1.884492736,18.972,2.12
Saudi Arabia,SA,SAU,682,Proportion of health care facilities with basic cleaning services,2017,100,Total,,%,,,,Total,SA,SAU,682,2017,30977355,22219.93833,7.26877E+11,-0.83819458,77.16,9.846226924,,0.911048656,18.903,2.13
Saudi Arabia,SA,SAU,682,Proportion of health care facilities with basic cleaning services,2018,100,Total,,%,,,,Total,SA,SAU,682,2018,30196281,23523.94565,8.54758E+11,2.45814158,77.212,8.813335176,,3.19922678,18.703,2.15
Saudi Arabia,SA,SAU,682,Proportion of health care facilities with basic cleaning services,2019,100,Total,,%,,,,Total,SA,SAU,682,2019,30063799,23886.97674,8.46719E+11,-2.093333333,77.304,7.794588442,,1.09773375,18.451,2.15
Saudi Arabia,SA,SAU,682,Proportion of health care facilities with basic cleaning services,2020,100,Total,,%,,,,Total,SA,SAU,682,2020,31552510,21944.78582,7.45487E+11,3.44545826,76.239,8.79217411,,-3.581534863,18.238,2.18
Saudi Arabia,SA,SAU,682,Proportion of health care facilities with basic cleaning services,2021,100,Total,,%,,,,Total,SA,SAU,682,2021,30784383,23633.86012,8.87051E+11,3.063289889,76.936,7.229219837,,5.07511035,17.473,2.15
Saudi Arabia,SA,SAU,682,Proportion of health care facilities with basic cleaning services,2022,100,Total,,%,,,,Total,SA,SAU,682,2022,32175224,24304.98588,1.11818E+12,2.474073719,77.905,6.397422153,,7.485984291,16.919,
Saudi Arabia,SA,SAU,682,Proportion of health care facilities with basic cleaning services,2023,100,Total,,%,,,,Total,SA,SAU,682,2023,33264292,23331.76947,1.07342E+12,2.327085184,,7.086386302,,-0.754914811,,
Serbia,RS,SRB,688,Proportion of health care facilities with basic cleaning services,2015,56.3,Total,,%,,,,Total,RS,SRB,688,2015,7095383,5820.321558,39457763396,1.39235822,75.28780488,1.826086336,,1.295738512,9.3,5.27
Serbia,RS,SRB,688,Proportion of health care facilities with basic cleaning services,2016,56.3,Total,,%,,,,Total,RS,SRB,688,2016,7058322,6024.95753,39988171447,1.122313974,75.68780488,1.742945288,,2.975197792,9.2,5.27
Serbia,RS,SRB,688,Proportion of health care facilities with basic cleaning services,2017,56.3,Total,,%,,,,Total,RS,SRB,688,2017,7020858,6200.260603,43120235148,3.131062486,75.53902439,1.909058138,,2.363393787,9.2,5.27
Serbia,RS,SRB,688,Proportion of health care facilities with basic cleaning services,2018,56.3,Total,,%,,,,Total,RS,SRB,688,2018,6982604,6524.079685,50210951338,1.959840763,75.8902439,1.636687885,,4.649350355,9.2,5.3
Serbia,RS,SRB,688,Proportion of health care facilities with basic cleaning services,2019,56.3,Total,,%,,,,Total,RS,SRB,688,2019,6945235,6870.757464,51089361866,1.849229845,75.93658537,2.526470748,,4.750207939,9.3,5.34
Serbia,RS,SRB,688,Proportion of health care facilities with basic cleaning services,2020,56.3,Total,,%,,,,Total,RS,SRB,688,2020,6899126,6850.966778,54250382218,1.575532901,74.47804878,2.375584634,,-0.950023992,8.9,5.35
Serbia,RS,SRB,688,Proportion of health care facilities with basic cleaning services,2021,56.3,Total,,%,,,,Total,RS,SRB,688,2021,6834326,7465.675309,63725727980,4.085102853,72.7804878,2.31320388,,7.949056505,9.1,
Serbia,RS,SRB,688,Proportion of health care facilities with basic cleaning services,2022,56.3,Total,,%,,,,Total,RS,SRB,688,2022,6664449,7857.403271,63640695712,11.98151173,75.48219512,2.711341294,,2.630986444,9.3,
Serbia,RS,SRB,688,Proportion of health care facilities with basic cleaning services,2023,56.3,Total,,%,,,,Total,RS,SRB,688,2023,6623183,8210.554014,77124644204,12.37190436,,2.853246386,,3.847471128,,
Singapore,SG,SGP,702,Proportion of health care facilities with basic cleaning services,2000,100,Total,,%,,,,Total,SG,SGP,702,2000,4027887,34890.08114,95489230337,1.361623924,77.95121951,4.518886294,98.91780933,9.038316326,13.7,
Singapore,SG,SGP,702,Proportion of health care facilities with basic cleaning services,2001,100,Total,,%,,,,Total,SG,SGP,702,2001,4138012,33597.86908,89193363037,0.997197956,78.25121951,4.826249999,98.16821256,-1.070862751,11.8,2.900000095
Singapore,SG,SGP,702,Proportion of health care facilities with basic cleaning services,2002,100,Total,,%,,,,Total,SG,SGP,702,2002,4175950,34598.82675,90696854888,-0.391676867,78.55121951,4.924986287,98.15511935,3.923360767,11.4,
Singapore,SG,SGP,702,Proportion of health care facilities with basic cleaning services,2003,100,Total,,%,,,,Total,SG,SGP,702,2003,4114826,36709.7965,95051093944,0.5079053,79.03902439,4.869647648,98.4042485,4.548255426,10.5,2.8
Singapore,SG,SGP,702,Proportion of health care facilities with basic cleaning services,2004,100,Total,,%,,,,Total,SG,SGP,702,2004,4166664,39856.63562,1.08075E+11,1.662727199,79.4902439,4.416805051,98.71373917,9.939982684,10.3,
Singapore,SG,SGP,702,Proportion of health care facilities with basic cleaning services,2005,100,Total,,%,,,,Total,SG,SGP,702,2005,4265762,41798.48808,1.20577E+11,0.425106277,79.9902439,4.275043131,98.17112737,7.366322393,10.2,3.2
Singapore,SG,SGP,702,Proportion of health care facilities with basic cleaning services,2006,100,Total,,%,,,,Total,SG,SGP,702,2006,4401365,44159.41018,1.44596E+11,0.962901778,80.14146341,3.922911194,98.30136458,9.006766079,10.3,2.47
Singapore,SG,SGP,702,Proportion of health care facilities with basic cleaning services,2007,100,Total,,%,,,,Total,SG,SGP,702,2007,4588599,46178.81395,1.76182E+11,2.104880036,80.44146341,3.602552791,98.12869974,9.021519513,10.3,2.37
Singapore,SG,SGP,702,Proportion of health care facilities with basic cleaning services,2008,100,Total,,%,,,,Total,SG,SGP,702,2008,4839396,44601.57993,1.86495E+11,6.627781774,80.7902439,3.850026794,98.24675267,1.863483455,10.2,2.3
Singapore,SG,SGP,702,Proportion of health care facilities with basic cleaning services,2009,100,Total,,%,,,,Total,SG,SGP,702,2009,4987573,43331.87466,1.8408E+11,0.596720257,81.24146341,3.882423347,97.93284225,0.127953383,9.9,2.24
Singapore,SG,SGP,702,Proportion of health care facilities with basic cleaning services,2010,100,Total,,%,,,,Total,SG,SGP,702,2010,5076732,48752.05154,2.37217E+11,2.823661349,81.54146341,3.38139844,97.68803286,14.51974971,9.3,2.15
Singapore,SG,SGP,702,Proportion of health care facilities with basic cleaning services,2011,100,Total,,%,,,,Total,SG,SGP,702,2011,5183688,50713.53264,2.69757E+11,5.247793398,81.74390244,3.193874569,97.70145037,6.214934169,9.5,2.1
Singapore,SG,SGP,702,Proportion of health care facilities with basic cleaning services,2012,100,Total,,%,,,,Total,SG,SGP,702,2012,5312437,51679.35272,2.81971E+11,4.575602704,81.99512195,3.10816619,96.3290894,4.435497594,10.1,2.15
Singapore,SG,SGP,702,Proportion of health care facilities with basic cleaning services,2013,100,Total,,%,,,,Total,SG,SGP,702,2013,5399162,53298.97286,2.9101E+11,2.358604154,82.24634146,3.038491149,94.00615626,4.817630991,9.3,2.15
Singapore,SG,SGP,702,Proportion of health care facilities with basic cleaning services,2014,100,Total,,%,,,,Total,SG,SGP,702,2014,5469724,54681.93365,3.03911E+11,1.02514803,82.49512195,3.047860385,90.57887358,3.935540277,9.8,2.2
Singapore,SG,SGP,702,Proportion of health care facilities with basic cleaning services,2015,100,Total,,%,,,,Total,SG,SGP,702,2015,5535002,55645.60686,2.86983E+11,-0.522618167,82.74390244,3.046712659,,2.976799316,9.7,2.35
Singapore,SG,SGP,702,Proportion of health care facilities with basic cleaning services,2016,100,Total,,%,,,,Total,SG,SGP,702,2016,5607283,56899.48512,2.99705E+11,-0.53226874,82.84634146,3.095542713,,3.588643696,9.4,2.44
Singapore,SG,SGP,702,Proportion of health care facilities with basic cleaning services,2017,100,Total,,%,,,,Total,SG,SGP,702,2017,5612253,59414.65495,3.19464E+11,0.57626031,83.09512195,2.971874808,,4.512926318,8.9,2.42
Singapore,SG,SGP,702,Proportion of health care facilities with basic cleaning services,2018,100,Total,,%,,,,Total,SG,SGP,702,2018,5638676,61216.12509,3.3078E+11,0.438620118,83.29756098,2.807933274,,3.517114185,8.8,2.5
Singapore,SG,SGP,702,Proportion of health care facilities with basic cleaning services,2019,100,Total,,%,,,,Total,SG,SGP,702,2019,5703569,61333.65632,3.33218E+11,0.565260569,83.59512195,2.760175736,,1.345058741,8.8,2.6
Singapore,SG,SGP,702,Proportion of health care facilities with basic cleaning services,2020,100,Total,,%,,,,Total,SG,SGP,702,2020,5685807,59144.35392,3.01827E+11,-0.181916667,83.54390244,2.81188318,,-3.869798934,8.5,2.63
Singapore,SG,SGP,702,Proportion of health care facilities with basic cleaning services,2021,100,Total,,%,,,,Total,SG,SGP,702,2021,5453566,67638.64599,3.69182E+11,2.30485959,83.09268293,2.598793531,,9.690766871,8.6,2.65
Singapore,SG,SGP,702,Proportion of health care facilities with basic cleaning services,2022,100,Total,,%,,,,Total,SG,SGP,702,2022,5637022,67948.89283,4.02947E+11,6.12106004,82.89512195,2.577718633,,3.838076785,7.9,
Singapore,SG,SGP,702,Proportion of health care facilities with basic cleaning services,2023,100,Total,,%,,,,Total,SG,SGP,702,2023,5917648,65422.46032,4.20675E+11,4.821467295,,2.658665676,,1.075031751,,
Solomon Islands,SB,SLB,90,Proportion of health care facilities with basic cleaning services,2016,15.5303,Total,,%,,,,Total,SB,SLB,90,2016,662379,2084.245984,1336643910,0.512485626,69.801,,,5.554731534,32.379,
Solomon Islands,SB,SLB,90,Proportion of health care facilities with basic cleaning services,2017,15.5303,Total,,%,,,,Total,SB,SLB,90,2017,685672,2075.3623,1440170145,0.48868676,69.988,,,3.075348034,31.743,
Solomon Islands,SB,SLB,90,Proportion of health care facilities with basic cleaning services,2018,15.5303,Total,,%,,,,Total,SB,SLB,90,2018,709101,2061.897844,1594890893,3.46147485,70.173,,,2.745995423,31.219,
Solomon Islands,SB,SLB,90,Proportion of health care facilities with basic cleaning services,2019,15.5303,Total,,%,,,,Total,SB,SLB,90,2019,728147,2043.075789,1602564674,1.63485544,70.382,,,1.748566555,30.762,
Solomon Islands,SB,SLB,90,Proportion of health care facilities with basic cleaning services,2020,15.5303,Total,,%,,,,Total,SB,SLB,90,2020,744498,1930.642586,1572050827,2.963549921,70.199,,,-3.381147541,30.223,
Solomon Islands,SB,SLB,90,Proportion of health care facilities with basic cleaning services,2021,15.5303,Total,,%,,,,Total,SB,SLB,90,2021,762591,1933.170559,1540747134,-0.115437894,70.348,,,2.564349754,29.785,
Solomon Islands,SB,SLB,90,Proportion of health care facilities with basic cleaning services,2022,15.5303,Total,,%,,,,Total,SB,SLB,90,2022,781066,1932.789668,1574657865,5.518129286,70.742,,,2.402481436,29.322,
Solomon Islands,SB,SLB,90,Proportion of health care facilities with basic cleaning services,2023,15.5303,Total,,%,,,,Total,SB,SLB,90,2023,800005,1945.149865,1658453813,5.88585897,,,,3.079769815,,
Somalia,SO,SOM,706,Proportion of health care facilities with basic cleaning services,2019,13.7441,Total,,%,,,,Total,SO,SOM,706,2019,16030971,494.5593758,8619332513,,57.078,,,2.824313365,44.564,0.87
Somalia,SO,SOM,706,Proportion of health care facilities with basic cleaning services,2020,13.7441,Total,,%,,,,Total,SO,SOM,706,2020,16651191,463.0325221,8590360804,,55.967,,,-2.752481039,44.007,
Somalia,SO,SOM,706,Proportion of health care facilities with basic cleaning services,2021,13.7441,Total,,%,,,,Total,SO,SOM,706,2021,17271431,461.842092,9441984488,,55.28,,,3.458227929,43.561,
Somalia,SO,SOM,706,Proportion of health care facilities with basic cleaning services,2022,13.7441,Total,,%,,,,Total,SO,SOM,706,2022,17801897,460.2996431,10157767270,,56.107,,,2.727114296,43.086,
Somalia,SO,SOM,706,Proportion of health care facilities with basic cleaning services,2023,13.7441,Total,,%,,,,Total,SO,SOM,706,2023,18358615,465.1606937,10922457080,,,,,4.216384326,,
Sri Lanka,LK,LKA,144,Proportion of health care facilities with basic cleaning services,2018,57.20930232558139,Total,,%,,,,Total,LK,LKA,144,2018,21670000,4495.710463,92095811316,2.135037737,75.748,1.734693549,,2.310084252,14.805,3.93
Sri Lanka,LK,LKA,144,Proportion of health care facilities with basic cleaning services,2019,57.20930232558139,Total,,%,,,,Total,LK,LKA,144,2019,21803000,4458.434427,86545573252,3.528393582,76.008,1.752199281,,-0.220483886,14.534,4
Sri Lanka,LK,LKA,144,Proportion of health care facilities with basic cleaning services,2020,57.20930232558139,Total,,%,,,,Total,LK,LKA,144,2020,21919000,4229.749629,82024773617,6.153945084,76.393,1.739887333,,-4.624515037,14.235,4.02
Sri Lanka,LK,LKA,144,Proportion of health care facilities with basic cleaning services,2021,57.20930232558139,Total,,%,,,,Total,LK,LKA,144,2021,22156000,4360.566563,86619332546,7.014780712,76.399,1.712656887,,4.207476495,14.019,
Sri Lanka,LK,LKA,144,Proportion of health care facilities with basic cleaning services,2022,57.20930232558139,Total,,%,,,,Total,LK,LKA,144,2022,22181000,4035.651163,72199977446,49.72110211,76.61,1.343389427,,-7.346791236,13.781,
Sri Lanka,LK,LKA,144,Proportion of health care facilities with basic cleaning services,2023,57.20930232558139,Total,,%,,,,Total,LK,LKA,144,2023,22037000,3968.676289,81623429815,16.54117423,,1.640030796,,-2.298010562,,
"Palestinian Territory, Occupied",PS,PSE,275,Proportion of health care facilities with basic cleaning services,2017,33.438,Total,,%,,,,Total,PS,PSE,275,2017,4454805,3462.979861,18257000000,0.212570934,74.833,,,1.419367563,30.973,
"Palestinian Territory, Occupied",PS,PSE,275,Proportion of health care facilities with basic cleaning services,2018,33.438,Total,,%,,,,Total,PS,PSE,275,2018,4569087,3417.794408,19062800000,-0.195107774,74.793,,,1.227077378,30.126,
"Palestinian Territory, Occupied",PS,PSE,275,Proportion of health care facilities with basic cleaning services,2019,33.438,Total,,%,,,,Total,PS,PSE,275,2019,4685306,3378.434621,19791500000,1.580183336,75.241,,,1.362687466,29.466,
"Palestinian Territory, Occupied",PS,PSE,275,Proportion of health care facilities with basic cleaning services,2020,33.438,Total,,%,,,,Total,PS,PSE,275,2020,4803269,2922.468011,18024400000,-0.735332001,74.403,,,-11.31846611,28.8,
"Palestinian Territory, Occupied",PS,PSE,275,Proportion of health care facilities with basic cleaning services,2021,33.438,Total,,%,,,,Total,PS,PSE,275,2021,4922749,3051.48607,21736300000,1.237481028,73.473,,,7.011982276,28.236,
"Palestinian Territory, Occupied",PS,PSE,275,Proportion of health care facilities with basic cleaning services,2022,33.438,Total,,%,,,,Total,PS,PSE,275,2022,5043612,3099.960901,23693000000,3.741223919,73.444,,,4.082760273,27.69,
"Palestinian Territory, Occupied",PS,PSE,275,Proportion of health care facilities with basic cleaning services,2023,33.438,Total,,%,,,,Total,PS,PSE,275,2023,5165775,2862.881175,20657700000,5.871101777,,,,-5.410937,,
Sudan,SD,SDN,736,Proportion of health care facilities with basic cleaning services,2017,1.4925,Total,,%,,,,Total,SD,SDN,736,2017,42714306,1261.873535,39632308795,32.3516261,65.445,3.285803901,,0.709256285,35.669,0.74
Sudan,SD,SDN,736,Proportion of health care facilities with basic cleaning services,2018,1.4925,Total,,%,,,,Total,SD,SDN,736,2018,44230596,1185.944458,30521438452,63.29250735,65.681,1.778924027,,-2.68093055,35.236,0.66
Sudan,SD,SDN,736,Proportion of health care facilities with basic cleaning services,2019,1.4925,Total,,%,,,,Total,SD,SDN,736,2019,45548175,1126.552979,30717965587,50.9940515,65.876,1.630151496,,-2.178251045,34.823,0.66
Sudan,SD,SDN,736,Proportion of health care facilities with basic cleaning services,2020,1.4925,Total,,%,,,,Total,SD,SDN,736,2020,46789231,1056.864746,25561386740,163.2577824,65.614,0.978360321,,-3.629800824,34.226,0.66
Sudan,SD,SDN,736,Proportion of health care facilities with basic cleaning services,2021,1.4925,Total,,%,,,,Total,SD,SDN,736,2021,48066924,1009.548889,32885091723,359.0930408,65.267,0.915918757,,-1.868520483,33.596,
Sudan,SD,SDN,736,Proportion of health care facilities with basic cleaning services,2022,1.4925,Total,,%,,,,Total,SD,SDN,736,2022,49383346,973.2252808,50588328584,138.8084602,65.578,,,-0.957816591,33.027,
Sudan,SD,SDN,736,Proportion of health care facilities with basic cleaning services,2023,1.4925,Total,,%,,,,Total,SD,SDN,736,2023,50042791,767.2487793,1.08297E+11,,,,,-20.11157597,,
Syrian Arab Republic,SY,SYR,760,Proportion of health care facilities with basic cleaning services,2018,6.620200000000001,Total,,%,,,,Total,SY,SYR,760,2018,19577845,792.4138117,20708643152,0.940983844,70.145,,,1.393176078,18.155,1.26
Syrian Arab Republic,SY,SYR,760,Proportion of health care facilities with basic cleaning services,2019,6.620200000000001,Total,,%,,,,Total,SY,SYR,760,2019,20353534,771.5186953,21724169919,13.41756532,71.822,,,1.220705221,18.883,1.26
Syrian Arab Republic,SY,SYR,760,Proportion of health care facilities with basic cleaning services,2020,6.620200000000001,Total,,%,,,,Total,SY,SYR,760,2020,21049429,740.811397,11545828324,,72.14,,,-0.697154504,19.67,1.39
Syrian Arab Republic,SY,SYR,760,Proportion of health care facilities with basic cleaning services,2021,6.620200000000001,Total,,%,,,,Total,SY,SYR,760,2021,21628839,734.3342363,13831790420,,72.063,,,1.854215901,20.111,1.43
Syrian Arab Republic,SY,SYR,760,Proportion of health care facilities with basic cleaning services,2022,6.620200000000001,Total,,%,,,,Total,SY,SYR,760,2022,22462173,712.2722782,22818123250,,72.3,,,0.732781302,20.531,
Syrian Arab Republic,SY,SYR,760,Proportion of health care facilities with basic cleaning services,2023,6.620200000000001,Total,,%,,,,Total,SY,SYR,760,2023,23594623,,,,,,,,,
Tajikistan,TJ,TJK,762,Proportion of health care facilities with basic cleaning services,2017,17.14285714285714,Total,,%,,,,Total,TJ,TJK,762,2017,9085946,1042.263918,8637196304,,69.905,1.037185337,,7.100000419,28.932,4.49
Tajikistan,TJ,TJK,762,Proportion of health care facilities with basic cleaning services,2018,17.14285714285714,Total,,%,,,,Total,TJ,TJK,762,2018,9307333,1094.800202,8990673044,,70.353,1.048565277,,7.59999889,28.688,4.43
Tajikistan,TJ,TJK,762,Proportion of health care facilities with basic cleaning services,2019,17.14285714285714,Total,,%,,,,Total,TJ,TJK,762,2019,9529966,1148.346767,9631287022,,70.867,0.99696625,,7.400000163,28.267,4.35
Tajikistan,TJ,TJK,762,Proportion of health care facilities with basic cleaning services,2020,17.14285714285714,Total,,%,,,,Total,TJ,TJK,762,2020,9749310,1171.901275,9498106073,,67.994,0.947973987,,4.400001116,27.53,4.36
Tajikistan,TJ,TJK,762,Proportion of health care facilities with basic cleaning services,2021,17.14285714285714,Total,,%,,,,Total,TJ,TJK,762,2021,9966908,1254.069996,10758910057,,71.594,1.024153613,,9.39999955,26.749,4.32
Tajikistan,TJ,TJK,762,Proportion of health care facilities with basic cleaning services,2022,17.14285714285714,Total,,%,,,,Total,TJ,TJK,762,2022,10182222,1325.755453,14210918854,,71.288,2.002598683,,8.000000338,26.025,
Tajikistan,TJ,TJK,762,Proportion of health care facilities with basic cleaning services,2023,17.14285714285714,Total,,%,,,,Total,TJ,TJK,762,2023,10389799,1407.107544,15143750556,,,1.223998543,,8.299999217,,
Thailand,TH,THA,764,Proportion of health care facilities with basic cleaning services,2010,86.98357400722021,Total,,%,,,,Total,TH,THA,764,2010,68579447,5059.357478,3.26815E+11,3.247588424,76.131,1.522555866,79.99305669,7.513390533,11.926,1.96
Thailand,TH,THA,764,Proportion of health care facilities with basic cleaning services,2011,86.98357400722021,Total,,%,,,,Total,TH,THA,764,2011,69007208,5070.237402,3.61875E+11,3.808790581,76.421,1.390634503,80.19388911,0.840132083,11.95,2.1
Thailand,TH,THA,764,Proportion of health care facilities with basic cleaning services,2012,86.98357400722021,Total,,%,,,,Total,TH,THA,764,2012,69436098,5403.87846,3.79343E+11,3.014899503,76.772,1.389888883,80.16213661,7.242796202,11.754,2.13
Thailand,TH,THA,764,Proportion of health care facilities with basic cleaning services,2013,86.98357400722021,Total,,%,,,,Total,TH,THA,764,2013,69845114,5516.611642,3.93467E+11,2.184886185,77.083,1.34525092,80.66699695,2.687495563,11.374,2.17
Thailand,TH,THA,764,Proportion of health care facilities with basic cleaning services,2014,86.98357400722021,Total,,%,,,,Total,TH,THA,764,2014,70216367,5541.465994,3.86381E+11,1.895141819,77.415,1.379976048,79.83902265,0.984468864,11.004,2.15
Thailand,TH,THA,764,Proportion of health care facilities with basic cleaning services,2015,86.98357400722021,Total,,%,,,,Total,TH,THA,764,2015,70540795,5688.853354,3.80595E+11,-0.900424963,77.717,1.337326797,,3.134047249,10.607,2.14
Thailand,TH,THA,764,Proportion of health care facilities with basic cleaning services,2016,86.98357400722021,Total,,%,,,,Total,TH,THA,764,2016,70859841,5857.780529,3.93949E+11,0.188149704,78.049,1.323310858,,3.435157717,10.26,2
Thailand,TH,THA,764,Proportion of health care facilities with basic cleaning services,2017,86.98357400722021,Total,,%,,,,Total,TH,THA,764,2017,71160187,6076.743077,4.35913E+11,0.665631893,78.394,1.330982428,,4.177681032,9.98,2.13
Thailand,TH,THA,764,Proportion of health care facilities with basic cleaning services,2018,86.98357400722021,Total,,%,,,,Total,TH,THA,764,2018,71376079,6314.199484,4.82265E+11,1.063897542,78.662,1.326393515,,4.222870287,9.662,2.1
Tunisia,TN,TUN,788,Proportion of health care facilities with basic cleaning services,2010,43.64864000000011,Total,,%,,,,Total,TN,TUN,788,2010,10765980,3906.911331,44139124354,3.338979636,75.421,1.236170521,87.68649948,2.971132751,18.211,1.8
Tunisia,TN,TUN,788,Proportion of health care facilities with basic cleaning services,2011,43.64864000000011,Total,,%,,,,Total,TN,TUN,788,2011,10886035,3784.746204,45963001045,3.24002842,75.46,1.486257801,88.07194404,-2.046633895,18.934,1.78
Tunisia,TN,TUN,788,Proportion of health care facilities with basic cleaning services,2012,43.64864000000011,Total,,%,,,,Total,TN,TUN,788,2012,11009647,3900.051265,45406928008,4.611844322,75.55,1.439873945,88.26464636,4.216677115,19.184,1.77
Tunisia,TN,TUN,788,Proportion of health care facilities with basic cleaning services,2013,43.64864000000011,Total,,%,,,,Total,TN,TUN,788,2013,11141361,3947.592761,46623799470,5.316235313,75.65,1.559737384,88.22942854,2.429930964,19.33,1.78
Tunisia,TN,TUN,788,Proportion of health care facilities with basic cleaning services,2014,43.64864000000011,Total,,%,,,,Total,TN,TUN,788,2014,11274288,4021.604769,48568157922,4.625550995,75.65,1.806887481,88.8703881,3.090328031,19.303,1.77
Tunisia,TN,TUN,788,Proportion of health care facilities with basic cleaning services,2015,43.10932000000003,Total,,%,,,,Total,TN,TUN,788,2015,11402264,4014.947737,44599350029,4.437371273,75.692,2.139591629,,0.967703108,19.119,1.77
Tunisia,TN,TUN,788,Proportion of health care facilities with basic cleaning services,2016,42.57000000000016,Total,,%,,,,Total,TN,TUN,788,2016,11528674,4015.296641,43403523130,3.629399374,75.786,2.22498473,,1.117425949,18.78,1.77
Tunisia,TN,TUN,788,Proportion of health care facilities with basic cleaning services,2017,25.5274,Total,,%,,,,Total,TN,TUN,788,2017,11650498,4062.226775,41171063372,5.308848396,75.845,2.031829326,,2.23783868,18.399,1.78
Tunisia,TN,TUN,788,Proportion of health care facilities with basic cleaning services,2018,25.5274,Total,,%,,,,Total,TN,TUN,788,2018,11765514,4128.103938,41650260478,7.30759176,75.95,1.97644872,,2.624930109,17.737,1.79
Tunisia,TN,TUN,788,Proportion of health care facilities with basic cleaning services,2019,25.5274,Total,,%,,,,Total,TN,TUN,788,2019,11875081,4154.958616,40813336001,6.720075329,75.993,2.383277777,,1.587846655,17.215,1.79
Tunisia,TN,TUN,788,Proportion of health care facilities with basic cleaning services,2020,25.5274,Total,,%,,,,Total,TN,TUN,788,2020,11974057,3749.267224,41095052621,5.634151159,75.292,2.709778373,,-9.011934124,16.628,2.38
Tunisia,TN,TUN,788,Proportion of health care facilities with basic cleaning services,2021,25.5274,Total,,%,,,,Total,TN,TUN,788,2021,12048622,3902.542583,45582180788,5.706350208,73.772,2.636700262,,4.736320748,16.093,2.42
Tunisia,TN,TUN,788,Proportion of health care facilities with basic cleaning services,2022,25.5274,Total,,%,,,,Total,TN,TUN,788,2022,12119334,3983.491305,43606718413,8.306461244,74.263,2.47336373,,2.673318218,15.6,
Tunisia,TN,TUN,788,Proportion of health care facilities with basic cleaning services,2023,25.5274,Total,,%,,,,Total,TN,TUN,788,2023,12200431,3958.562229,47219686955,9.328995975,,2.3578511,,0.039156567,,
Uganda,UG,UGA,800,Proportion of health care facilities with basic cleaning services,2017,28.3,Total,,%,,,,Total,UG,UGA,800,2017,40177388,871.09388,30021045437,5.209717059,62.115,1.105465348,,3.131405517,38.343,
Uganda,UG,UGA,800,Proportion of health care facilities with basic cleaning services,2018,28.3,Total,,%,,,,Total,UG,UGA,800,2018,41565831,895.0751279,32000683482,2.61601191,62.714,1.232713045,,6.303923783,38.062,
Uganda,UG,UGA,800,Proportion of health care facilities with basic cleaning services,2019,28.3,Total,,%,,,,Total,UG,UGA,800,2019,42999637,920.9391015,34432253661,2.867588034,62.991,1.744800411,,6.438745033,37.667,
Uganda,UG,UGA,800,Proportion of health care facilities with basic cleaning services,2020,28.3,Total,,%,,,,Total,UG,UGA,800,2020,44457152,917.0350318,36830875673,3.313322895,62.851,2.73212093,,2.951306422,37.252,
Uganda,UG,UGA,800,Proportion of health care facilities with basic cleaning services,2021,28.3,Total,,%,,,,Total,UG,UGA,800,2021,45910930,919.4016752,39643093797,2.204572048,62.705,2.641808183,,3.536580341,36.795,
Uganda,UG,UGA,800,Proportion of health care facilities with basic cleaning services,2022,28.3,Total,,%,,,,Total,UG,UGA,800,2022,47312719,933.0940564,44595747451,7.19578886,63.638,2.036841891,,4.588021922,36.215,
Uganda,UG,UGA,800,Proportion of health care facilities with basic cleaning services,2023,28.3,Total,,%,,,,Total,UG,UGA,800,2023,48656601,955.7457973,47796257769,5.350948043,,1.982056313,,5.336972955,,
Vanuatu,VU,VUT,548,Proportion of health care facilities with basic cleaning services,2016,5.031400000000001,Total,,%,,,,Total,VU,VUT,548,2016,272087,2812.113604,798348793.7,0.842069084,69.65,,,4.688756366,32.029,
Vanuatu,VU,VUT,548,Proportion of health care facilities with basic cleaning services,2017,5.031400000000001,Total,,%,,,,Total,VU,VUT,548,2017,278507,2920.844921,882373246.9,3.084526244,69.71,,,6.317305384,31.484,
Vanuatu,VU,VUT,548,Proportion of health care facilities with basic cleaning services,2018,5.031400000000001,Total,,%,,,,Total,VU,VUT,548,2018,285259,2934.415484,941313836.5,2.330963796,69.795,,,2.900230273,30.889,
Vanuatu,VU,VUT,548,Proportion of health care facilities with basic cleaning services,2019,5.031400000000001,Total,,%,,,,Total,VU,VUT,548,2019,291985,2959.738977,1070449524,2.762520194,69.877,,,3.241187655,30.4,
Vanuatu,VU,VUT,548,Proportion of health care facilities with basic cleaning services,2020,5.031400000000001,Total,,%,,,,Total,VU,VUT,548,2020,298858,2747.30576,1013095042,5.329350731,70.299,,,-4.992491429,29.939,
Vanuatu,VU,VUT,548,Proportion of health care facilities with basic cleaning services,2021,5.031400000000001,Total,,%,,,,Total,VU,VUT,548,2021,305868,2642.673052,1087394696,2.343283582,70.449,,,-1.552294891,29.438,
Vanuatu,VU,VUT,548,Proportion of health care facilities with basic cleaning services,2022,5.031400000000001,Total,,%,,,,Total,VU,VUT,548,2022,313046,2631.551863,1179535221,6.679305819,70.492,,,1.916057012,28.968,
Vanuatu,VU,VUT,548,Proportion of health care facilities with basic cleaning services,2023,5.031400000000001,Total,,%,,,,Total,VU,VUT,548,2023,320409,2627.975268,1281011718,,,,,2.212941771,,
Yemen,YE,YEM,887,Proportion of health care facilities with basic cleaning services,2019,18,Total,,%,,,,Total,YE,YEM,887,2019,35111408,1069.78649,,,65.092,,,,31.778,
Yemen,YE,YEM,887,Proportion of health care facilities with basic cleaning services,2020,18,Total,,%,,,,Total,YE,YEM,887,2020,36134863,951.1303411,,,64.65,,,,31.252,
Yemen,YE,YEM,887,Proportion of health care facilities with basic cleaning services,2021,18,Total,,%,,,,Total,YE,YEM,887,2021,37140230,916.1298925,,,63.753,,,,30.544,
Yemen,YE,YEM,887,Proportion of health care facilities with basic cleaning services,2022,18,Total,,%,,,,Total,YE,YEM,887,2022,38222876,903.533634,,,63.72,,,,29.919,
Yemen,YE,YEM,887,Proportion of health care facilities with basic cleaning services,2023,18,Total,,%,,,,Total,YE,YEM,887,2023,39390799,859.2093031,,,,,,,,
Zimbabwe,ZW,ZWE,716,Proportion of health care facilities with basic cleaning services,2016,8,Total,,%,,,,Total,ZW,ZWE,716,2016,14600294,1379.628343,18002592300,-1.543669601,60.306,1.741984919,,0.900955396,33.171,
Zimbabwe,ZW,ZWE,716,Proportion of health care facilities with basic cleaning services,2017,8,Total,,%,,,,Total,ZW,ZWE,716,2017,14812482,1415.351332,49083524563,0.893962316,60.709,1.592340426,,4.080263903,32.516,
Zimbabwe,ZW,ZWE,716,Proportion of health care facilities with basic cleaning services,2018,8,Total,,%,,,,Total,ZW,ZWE,716,2018,15034452,1464.315294,33442898975,10.61886587,61.414,1.137810258,,5.009866783,32.074,
Zimbabwe,ZW,ZWE,716,Proportion of health care facilities with basic cleaning services,2019,8,Total,,%,,,,Total,ZW,ZWE,716,2019,15271368,1350.309851,25261574789,255.3049908,61.292,0.729567173,,-6.332446407,31.518,
Zimbabwe,ZW,ZWE,716,Proportion of health care facilities with basic cleaning services,2020,8,Total,,%,,,,Total,ZW,ZWE,716,2020,15526888,1224.272314,26329744652,557.2018174,61.124,0.997931278,,-7.816950647,31.009,
Zimbabwe,ZW,ZWE,716,Proportion of health care facilities with basic cleaning services,2021,8,Total,,%,,,,Total,ZW,ZWE,716,2021,15797210,1305.220113,26621784727,98.54610509,59.253,1.481531787,,8.468016898,30.537,
Zimbabwe,ZW,ZWE,716,Proportion of health care facilities with basic cleaning services,2022,8,Total,,%,,,,Total,ZW,ZWE,716,2022,16069056,1361.91453,32026941089,104.7051706,59.391,0.780493774,,6.139263265,30.086,
Zimbabwe,ZW,ZWE,716,Proportion of health care facilities with basic cleaning services,2023,8,Total,,%,,,,Total,ZW,ZWE,716,2023,16340822,1410.737311,34796066709,,,0.24880825,,5.336730495,,